ReputationRaceMask[0],ReputationRaceMask[1],ReputationRaceMask[2],ReputationRaceMask[3],Name_lang,Description_lang,ID,ReputationIndex,ParentFactionID,Expansion,FriendshipRepID,Flags,ParagonFactionID,ReputationClassMask[0],ReputationClassMask[1],ReputationClassMask[2],ReputationClassMask[3],ReputationFlags[0],ReputationFlags[1],ReputationFlags[2],ReputationFlags[3],ReputationBase[0],ReputationBase[1],ReputationBase[2],ReputationBase[3],ReputationMax[0],ReputationMax[1],ReputationMax[2],ReputationMax[3],ParentFactionMod[0],ParentFactionMod[1],ParentFactionCap[0],ParentFactionCap[1]
0,0,0,0,人类(玩家),,1,-1,0,0,0,0,0,0,0,0,0,0,0,0,0,0,0,0,0,0,0,0,0,1,1,5,5
0,0,0,0,兽人(玩家),,2,-1,0,0,0,0,0,0,0,0,0,0,0,0,0,0,0,0,0,0,0,0,0,1,1,5,5
0,0,0,0,矮人(玩家),,3,-1,0,0,0,0,0,0,0,0,0,0,0,0,0,0,0,0,0,0,0,0,0,1,1,5,5
0,0,0,0,暗夜精灵(玩家),,4,-1,0,0,0,0,0,0,0,0,0,0,0,0,0,0,0,0,0,0,0,0,0,1,1,5,5
0,0,0,0,亡灵(玩家),,5,-1,0,0,0,0,0,0,0,0,0,0,0,0,0,0,0,0,0,0,0,0,0,1,1,5,5
0,0,0,0,牛头人(玩家),,6,-1,0,0,0,0,0,0,0,0,0,0,0,0,0,0,0,0,0,0,0,0,0,1,1,5,5
0,0,0,0,生物,,7,-1,0,0,0,0,0,0,0,0,0,0,0,0,0,0,0,0,0,0,0,0,0,1,1,5,5
0,0,0,0,侏儒(玩家),,8,-1,0,0,0,0,0,0,0,0,0,0,0,0,0,0,0,0,0,0,0,0,0,1,1,5,5
0,0,0,0,巨魔(玩家),,9,-1,0,0,0,0,0,0,0,0,0,0,0,0,0,0,0,0,0,0,0,0,0,1,1,5,5
0,0,0,0,怪物,,14,-1,0,0,0,0,0,0,0,0,0,0,0,0,0,0,0,0,0,0,0,0,0,1,1,5,5
0,0,0,0,迪菲亚盗贼,,15,-1,0,0,0,0,0,0,0,0,0,0,0,0,0,0,0,0,0,0,0,0,0,1,1,5,5
0,0,0,0,河爪豺狼人,,16,-1,0,0,0,0,0,0,0,0,0,0,0,0,0,0,0,0,0,0,0,0,0,1,1,5,5
0,0,0,0,赤脊山豺狼人,,17,-1,0,0,0,0,0,0,0,0,0,0,0,0,0,0,0,0,0,0,0,0,0,1,1,5,5
0,0,0,0,暗皮豺狼人,,18,-1,0,0,0,0,0,0,0,0,0,0,0,0,0,0,0,0,0,0,0,0,0,1,1,5,5
0,0,0,0,鱼人,,19,-1,0,0,0,0,0,0,0,0,0,0,0,0,0,0,0,0,0,0,0,0,0,1,1,5,5
0,0,0,0,亡灵(天灾军团),,20,-1,0,0,0,0,0,0,0,0,0,0,0,0,0,0,0,0,0,0,0,0,0,1,1,5,5
-1,0,0,0,藏宝海湾,一个由黑水海盗的头目，大财主里维加兹经营的繁荣的海港城市。它也是热砂集团的一部分，主要仇敌是血帆海盗。,21,1,169,0,0,0,0,0,0,0,0,64,0,0,0,500,0,0,0,42000,0,0,0,1,0.5,7,5
0,0,0,0,蜘蛛,,22,-1,0,0,0,0,0,0,0,0,0,0,0,0,0,0,0,0,0,0,0,0,0,1,1,5,5
0,0,0,0,野猪,,23,-1,0,0,0,0,0,0,0,0,0,0,0,0,0,0,0,0,0,0,0,0,0,1,1,5,5
0,0,0,0,狼人,,24,-1,0,0,0,0,0,0,0,0,0,0,0,0,0,0,0,0,0,0,0,0,0,1,1,5,5
0,0,0,0,狗头人,,25,-1,0,0,0,0,0,0,0,0,0,0,0,0,0,0,0,0,0,0,0,0,0,1,1,5,5
0,0,0,0,血顶巨魔,,26,-1,0,0,0,0,0,0,0,0,0,0,0,0,0,0,0,0,0,0,0,0,0,1,1,5,5
0,0,0,0,劈颅巨魔,,27,-1,0,0,0,0,0,0,0,0,0,0,0,0,0,0,0,0,0,0,0,0,0,1,1,5,5
0,0,0,0,猎物,,28,-1,0,0,0,0,0,0,0,0,0,0,0,0,0,0,0,0,0,0,0,0,0,1,1,5,5
0,0,0,0,狼人,,29,-1,0,0,0,0,0,0,0,0,0,0,0,0,0,0,0,0,0,0,0,0,0,1,1,5,5
0,0,0,0,叛变的迪菲亚盗贼(艾泽拉斯),,30,-1,0,0,0,0,0,0,0,0,0,0,0,0,0,0,0,0,0,0,0,0,0,1,1,5,5
0,0,0,0,友方,,31,-1,0,0,0,0,0,0,0,0,0,0,0,0,0,0,0,0,0,0,0,0,0,1,1,5,5
0,0,0,0,穴居人,,32,-1,0,0,0,0,0,0,0,0,0,0,0,0,0,0,0,0,0,0,0,0,0,1,1,5,5
0,0,0,0,冰巨魔,,33,-1,0,0,0,0,0,0,0,0,0,0,0,0,0,0,0,0,0,0,0,0,0,1,1,5,5
0,0,0,0,黑石氏族兽人,,34,-1,0,0,0,0,0,0,0,0,0,0,0,0,0,0,0,0,0,0,0,0,0,1,1,5,5
0,0,0,0,Villian,,35,-1,0,0,0,0,0,0,0,0,0,0,0,0,0,0,0,0,0,0,0,0,0,1,1,5,5
0,0,0,0,牺牲品,,36,-1,0,0,0,0,0,0,0,0,0,0,0,0,0,0,0,0,0,0,0,0,0,1,1,5,5
0,0,0,0,熊,,37,-1,0,0,0,0,0,0,0,0,0,0,0,0,0,0,0,0,0,0,0,0,0,1,1,5,5
0,0,0,0,食人魔,,38,-1,0,0,0,0,0,0,0,0,0,0,0,0,0,0,0,0,0,0,0,0,0,1,1,5,5
0,0,0,0,库森的雇佣兵,,39,-1,0,0,0,0,0,0,0,0,0,0,0,0,0,0,0,0,0,0,0,0,0,1,1,5,5
0,0,0,0,卫队,,40,-1,0,0,0,0,0,0,0,0,0,0,0,0,0,0,0,0,0,0,0,0,0,1,1,5,5
0,0,0,0,风险投资公司,,41,-1,0,0,0,0,0,0,0,0,0,0,0,0,0,0,0,0,0,0,0,0,0,1,1,5,5
0,0,0,0,迅猛龙,,42,-1,0,0,0,0,0,0,0,0,0,0,0,0,0,0,0,0,0,0,0,0,0,1,1,5,5
0,0,0,0,石化蜥蜴,,43,-1,0,0,0,0,0,0,0,0,0,0,0,0,0,0,0,0,0,0,0,0,0,1,1,5,5
0,0,0,0,绿龙,,44,-1,0,0,0,0,0,0,0,0,0,0,0,0,0,0,0,0,0,0,0,0,0,1,1,5,5
0,0,0,0,失落者,,45,-1,0,0,0,0,0,0,0,0,0,0,0,0,0,0,0,0,0,0,0,0,0,1,1,5,5
-1,0,0,0,锻造 - 护甲锻造专精,,46,29,0,0,0,0,0,0,0,0,0,4,0,0,0,0,0,0,0,3000,0,0,0,1,1,5,5
2971681865,-6184943489809468494,2052,0,铁炉堡,这座联盟的大都市是丹莫罗矮人们的骄傲，也是麦格尼国王的家。,47,20,469,0,0,0,0,0,0,0,0,273,6,17,0,3100,-42000,4000,0,42000,-42000,42000,0,1,0.25,4,7
0,0,0,0,黑铁矮人,,48,-1,0,0,0,0,0,0,0,0,0,0,0,0,0,0,0,0,0,0,0,0,0,1,1,5,5
0,0,0,0,暮色森林守夜人,,49,-1,0,0,0,0,0,0,0,0,0,0,0,0,0,0,0,0,0,0,0,0,0,1,1,5,5
0,0,0,0,红龙,,50,-1,0,0,0,0,0,0,0,0,0,0,0,0,0,0,0,0,0,0,0,0,0,1,1,5,5
0,0,0,0,藓皮豺狼人,,51,-1,0,0,0,0,0,0,0,0,0,0,0,0,0,0,0,0,0,0,0,0,0,1,1,5,5
0,0,0,0,龙喉邪兽人,,52,-1,0,0,0,0,0,0,0,0,0,0,0,0,0,0,0,0,0,0,0,0,0,1,1,5,5
0,0,0,0,疯狂侏儒,,53,-1,0,0,0,0,0,0,0,0,0,0,0,0,0,0,0,0,0,0,0,0,0,1,1,5,5
2971667469,-6184943489809468494,16448,0,诺莫瑞根,诺莫瑞根以前的居民，现在流亡到了新工匠镇并居住在此，联盟方的重要成员。,54,18,469,0,0,0,0,0,0,0,0,273,6,17,0,3100,-42000,4000,0,42000,-42000,42000,0,1,0.25,4,7
0,0,0,0,豹,,55,-1,0,0,0,0,0,0,0,0,0,0,0,0,0,0,0,0,0,0,0,0,0,1,1,5,5
0,0,0,0,血色十字军,,56,-1,0,0,0,0,0,0,0,0,0,0,0,0,0,0,0,0,0,0,0,0,0,1,1,5,5
0,0,0,0,烂皮豺狼人,,57,-1,0,0,0,0,0,0,0,0,0,0,0,0,0,0,0,0,0,0,0,0,0,1,1,5,5
0,0,0,0,猩猩,,58,-1,0,0,0,0,0,0,0,0,0,0,0,0,0,0,0,0,0,0,0,0,0,1,1,5,5
-1,0,0,0,瑟银兄弟会,瑟银兄弟会的矮人有着无与伦比的制造技术，并致力于解开黑石山中的全部秘密。,59,4,1118,0,0,0,0,0,0,0,0,16,0,0,0,0,0,0,0,42000,0,0,0,0,0,5,5
0,0,0,0,纳迦,,60,-1,0,0,0,0,0,0,0,0,0,0,0,0,0,0,0,0,0,0,0,0,0,1,1,5,5
0,0,0,0,达拉然,,61,-1,0,0,0,0,0,0,0,0,0,0,0,0,0,0,0,0,0,0,0,0,0,1,1,5,5
0,0,0,0,弃灵,,62,-1,0,0,0,0,0,0,0,0,0,0,0,0,0,0,0,0,0,0,0,0,0,1,1,5,5
0,0,0,0,Darkhowl,,63,-1,0,0,0,0,0,0,0,0,0,0,0,0,0,0,0,0,0,0,0,0,0,1,1,5,5
0,0,0,0,劣魔,,64,-1,0,0,0,0,0,0,0,0,0,0,0,0,0,0,0,0,0,0,0,0,0,1,1,5,5
0,0,0,0,熊怪,,65,-1,0,0,0,0,0,0,0,0,0,0,0,0,0,0,0,0,0,0,0,0,0,1,1,5,5
0,0,0,0,部落友军,,66,-1,0,0,0,0,0,0,0,0,0,0,0,0,0,0,0,0,0,0,0,0,0,1,1,5,5
-6184943489809468494,6130900294268439629,0,0,部落,,67,12,1118,0,0,0,0,0,0,0,0,25,14,0,0,3500,-42000,0,0,42000,-42000,0,0,0,0,5,5
1308635554,6130900294268439629,16,512,幽暗城,希尔瓦娜斯·风行者领导下的被遗忘者与部落之间建立起了微弱的同盟关系，并在洛丹伦地下遗迹的深处建立起了这座城市。,68,17,67,0,0,0,0,0,0,0,0,273,6,17,17,500,-42000,4000,3100,42000,-42000,42000,42000,1,0.25,4,7
2971683909,-6184943489809468494,8,0,达纳苏斯,坐落在泰达希尔岛上的联盟城市，暗夜精灵的首都，由月女祭司泰兰德·语风统治。,69,21,469,0,0,0,0,0,0,0,0,273,6,17,0,3100,-42000,4000,0,42000,-42000,42000,0,1,0.25,4,7
-1,0,0,0,辛迪加,一个主要由人类组成的犯罪组织，目前占据着奥特兰克山脉与希尔斯布莱德丘陵的部分地区。,70,6,0,0,0,0,0,0,0,0,0,2,0,0,0,-10000,0,0,0,0,0,0,0,1,1,5,5
0,0,0,0,希尔斯布莱德民兵,,71,-1,0,0,0,0,0,0,0,0,0,0,0,0,0,0,0,0,0,0,0,0,0,1,1,5,5
824200268,-6184943489809468494,2147483649,0,暴风城,这座人类势力的最后堡垒目前由年轻但是睿智的国王安度因·乌瑞恩统治着。,72,19,469,0,0,0,0,0,0,0,0,273,6,17,0,3100,-42000,4000,0,42000,-42000,42000,0,1,0.25,4,7
0,0,0,0,恶魔,,73,-1,0,0,0,0,0,0,0,0,0,0,0,0,0,0,0,0,0,0,0,0,0,1,1,5,5
0,0,0,0,元素生物,,74,-1,0,0,0,0,0,0,0,0,0,0,0,0,0,0,0,0,0,0,0,0,0,1,1,5,5
0,0,0,0,灵魂,,75,-1,0,0,0,0,0,0,0,0,0,0,0,0,0,0,0,0,0,0,0,0,0,1,1,5,5
1308627360,6130900294268439629,8194,528,奥格瑞玛,这座由萨尔建立的部落城市是许多兽人氏族的家园。,76,14,67,0,0,0,0,0,0,0,0,273,6,17,17,3100,-42000,4000,500,42000,-42000,42000,42000,1,0.25,4,7
0,0,0,0,宝物,,77,-1,0,0,0,0,0,0,0,0,0,0,0,0,0,0,0,0,0,0,0,0,0,1,1,5,5
0,0,0,0,泥嘴豺狼人,,78,-1,0,0,0,0,0,0,0,0,0,0,0,0,0,0,0,0,0,0,0,0,0,1,1,5,5
0,0,0,0,希尔斯布莱德，南海镇,,79,-1,0,0,0,0,0,0,0,0,0,0,0,0,0,0,0,0,0,0,0,0,0,1,1,5,5
0,0,0,0,黑龙,,80,-1,0,0,0,0,0,0,0,0,0,0,0,0,0,0,0,0,0,0,0,0,0,1,1,5,5
1174417794,6130900294268439629,528,134217760,雷霆崖,贝恩·血蹄及其领导下的牛头人的家园，壮丽而伟大的部落城市。,81,16,67,0,0,0,0,0,0,0,0,273,6,17,17,3100,-42000,500,4000,42000,-42000,42000,42000,1,0.25,4,7
0,0,0,0,枯木巨魔,,82,-1,0,0,0,0,0,0,0,0,0,0,0,0,0,0,0,0,0,0,0,0,0,1,1,5,5
-1,0,0,0,制皮 - 元素制皮专精,,83,23,0,0,0,0,0,0,0,0,0,4,0,0,0,2999,0,0,0,3000,0,0,0,1,1,5,5
0,0,0,0,钢鬃野猪人,,84,-1,0,0,0,0,0,0,0,0,0,0,0,0,0,0,0,0,0,0,0,0,0,1,1,5,5
0,0,0,0,刺背野猪人,,85,-1,0,0,0,0,0,0,0,0,0,0,0,0,0,0,0,0,0,0,0,0,0,1,1,5,5
-1,0,0,0,制皮 - 龙鳞制皮专精,,86,22,0,0,0,0,0,0,0,0,0,4,0,0,0,2999,0,0,0,3000,0,0,0,1,1,5,5
-1,0,0,0,血帆海盗,一群嗜血的海盗，所有海上商人的公敌。藏宝海湾的死敌。,87,0,1118,0,0,0,0,0,0,0,0,2,0,0,0,-6500,0,0,0,42000,0,0,0,0,0,5,5
0,0,0,0,黑暗深渊,,88,-1,0,0,0,0,0,0,0,0,0,0,0,0,0,0,0,0,0,0,0,0,0,1,1,5,5
0,0,0,0,龙虾人,,89,-1,0,0,0,0,0,0,0,0,0,0,0,0,0,0,0,0,0,0,0,0,0,1,1,5,5
0,0,0,0,科卡尔半人马,,90,-1,0,0,0,0,0,0,0,0,0,0,0,0,0,0,0,0,0,0,0,0,0,1,1,5,5
0,0,0,0,加拉克半人马,,91,-1,0,0,0,0,0,0,0,0,0,0,0,0,0,0,0,0,0,0,0,0,0,1,1,5,5
-1,0,0,0,吉尔吉斯半人马,一群居住在凄凉之地南方的半人马，玛格拉姆半人马的仇敌。,92,2,1118,0,0,0,0,0,0,0,0,2,0,0,0,2000,0,0,0,42000,0,0,0,0,0,5,5
-1,0,0,0,玛格拉姆半人马,一群居住在凄凉之地东部的半人马，吉尔吉斯半人马的仇敌。,93,3,1118,0,0,0,0,0,0,0,0,2,0,0,0,2000,0,0,0,42000,0,0,0,0,0,5,5
0,0,0,0,玛洛迪,,94,-1,0,0,0,0,0,0,0,0,0,0,0,0,0,0,0,0,0,0,0,0,0,1,1,5,5
0,0,0,0,塞拉摩,,108,-1,0,0,0,0,0,0,0,0,0,0,0,0,0,0,0,0,0,0,0,0,0,1,1,5,5
0,0,0,0,剃刀沼泽野猪人,,109,-1,0,0,0,0,0,0,0,0,0,0,0,0,0,0,0,0,0,0,0,0,0,1,1,5,5
0,0,0,0,钢鬃野猪人,,110,-1,0,0,0,0,0,0,0,0,0,0,0,0,0,0,0,0,0,0,0,0,0,1,1,5,5
0,0,0,0,"Quilboar, Deathshead",,111,-1,0,0,0,0,0,0,0,0,0,0,0,0,0,0,0,0,0,0,0,0,0,1,1,5,5
0,0,0,0,敌人,,128,-1,0,0,0,0,0,0,0,0,0,0,0,0,0,0,0,0,0,0,0,0,0,1,1,5,5
0,0,0,0,小动物,,148,-1,0,0,0,0,0,0,0,0,0,0,0,0,0,0,0,0,0,0,0,0,0,1,1,5,5
0,0,0,0,奈瑟加德商队,,168,-1,0,0,0,0,0,0,0,0,0,0,0,0,0,0,0,0,0,0,0,0,0,1,1,5,5
-1,0,0,0,热砂港,,169,10,1118,0,0,0,0,0,0,0,0,12,0,0,0,500,0,0,0,42000,0,0,0,0,0,5,5
0,0,0,0,联盟,,189,-1,0,0,0,0,0,0,0,0,0,0,0,0,0,0,0,0,0,0,0,0,0,1,1,5,5
0,0,0,0,守望堡,,209,-1,0,0,0,0,0,0,0,0,0,0,0,0,0,0,0,0,0,0,0,0,0,1,1,5,5
0,0,0,0,哀嚎洞穴,,229,-1,0,0,0,0,0,0,0,0,0,0,0,0,0,0,0,0,0,0,0,0,0,1,1,5,5
0,0,0,0,异种蝎,,249,-1,0,0,0,0,0,0,0,0,0,0,0,0,0,0,0,0,0,0,0,0,0,1,1,5,5
0,0,0,0,银月幸存者,,269,-1,0,0,0,0,0,0,0,0,0,0,0,0,0,0,0,0,0,0,0,0,0,1,1,5,5
-1,0,0,0,赞达拉部族,这群居住在尤亚姆巴岛的巨魔正在努力招募全世界的勇士，希望他们能够帮助自己对抗祖尔格拉布中的邪神哈卡以及他的阿塔莱祭司们。,270,51,1118,0,0,0,0,0,0,0,0,16,0,0,0,0,0,0,0,42000,0,0,0,0,0,5,5
-1,0,0,0,锻造 - 武器锻造专精,,289,30,0,0,0,0,0,0,0,0,0,4,0,0,0,0,0,0,0,3000,0,0,0,1,1,5,5
0,0,0,0,蝎子,,309,-1,0,0,0,0,0,0,0,0,0,0,0,0,0,0,0,0,0,0,0,0,0,1,1,5,5
0,0,0,0,蝙蝠,,310,-1,0,0,0,0,0,0,0,0,0,0,0,0,0,0,0,0,0,0,0,0,0,1,1,5,5
0,0,0,0,泰坦,,311,-1,0,0,0,0,0,0,0,0,0,0,0,0,0,0,0,0,0,0,0,0,0,1,1,5,5
0,0,0,0,工头费苏勒,,329,-1,0,0,0,0,0,0,0,0,0,0,0,0,0,0,0,0,0,0,0,0,0,1,1,5,5
-1,0,0,0,拉文霍德,这个由盗贼与刺客组成的行会只欢迎那些有着出色实力的人进入他们的领地。他们也是辛迪加的仇敌。,349,5,1118,0,0,0,0,0,0,0,0,0,0,0,0,0,0,0,0,42000,0,0,0,0,0,5,5
-1,0,0,0,加基森,热砂集团的首府，诸多优秀地精技师、炼金师和商人的家乡。,369,7,169,0,0,0,0,0,0,0,0,64,0,0,0,500,0,0,0,42000,0,0,0,1,0.5,7,5
0,0,0,0,Gnomeregan Bug,,389,-1,0,0,0,0,0,0,0,0,0,0,0,0,0,0,0,0,0,0,0,0,0,1,1,5,5
0,0,0,0,鹰身人,,409,-1,0,0,0,0,0,0,0,0,0,0,0,0,0,0,0,0,0,0,0,0,0,1,1,5,5
0,0,0,0,火刃氏族,,429,-1,0,0,0,0,0,0,0,0,0,0,0,0,0,0,0,0,0,0,0,0,0,1,1,5,5
0,0,0,0,暗影蛛丝偷猎者,,449,-1,0,0,0,0,0,0,0,0,0,0,0,0,0,0,0,0,0,0,0,0,0,1,1,5,5
0,0,0,0,Searing Spider,,450,-1,0,0,0,0,0,0,0,0,0,0,0,0,0,0,0,0,0,0,0,0,0,1,1,5,5
6130900294268439629,-6184943489809468494,0,0,联盟,,469,11,1118,0,0,0,0,0,0,0,0,25,14,0,0,3300,-42000,0,0,42000,-42000,0,0,0,0,5,5
-1,0,0,0,棘齿城,热砂集团的成员，这座城市给许多希望在贫瘠之地做生意的人提供了一个开放和中立的天堂。,470,9,169,0,0,0,0,0,0,0,0,64,0,0,0,500,0,0,0,42000,0,0,0,1,0.5,7,5
0,0,0,0,"Goblin, Dark Iron Bar Patron",,489,-1,0,0,0,0,0,0,0,0,0,0,0,0,0,0,0,0,0,0,0,0,0,1,1,5,5
6130900294268439629,-6184943489809468494,0,0,阿拉索联军,阿拉索联军正试图为暴风城夺回阿拉希盆地。,509,53,891,0,0,0,0,0,0,0,0,16,2,0,0,0,-42000,0,0,42000,-42000,0,0,0,0,5,5
-6184943489809468494,6130900294268439629,0,0,污染者,污染者试图为部落夺取阿拉希盆地的重要资源。,510,52,892,0,0,0,0,0,0,0,0,16,2,0,0,0,-42000,0,0,42000,-42000,0,0,0,0,5,5
0,0,0,0,巨人,,511,-1,0,0,0,0,0,0,0,0,0,0,0,0,0,0,0,0,0,0,0,0,0,1,1,5,5
-1,0,0,0,银色黎明,一个致力于从亡灵天灾军团的威胁下拯救艾泽拉斯世界的组织。银色黎明的据点遍布东西瘟疫之地。,529,13,1118,0,0,0,0,0,0,0,0,0,0,0,0,200,0,0,0,42000,0,0,0,0,0,5,5
234893602,6130900294268439629,528,1073741952,暗矛巨魔,一群被放逐的巨魔，加入了萨尔领导下的部落。他们现在将杜隆塔尔当作自己的新家，并与兽人盟友们一起生活在那里。,530,15,67,0,0,0,0,0,0,0,0,273,6,17,17,3100,-42000,500,4000,42000,-42000,42000,42000,1,0.25,4,7
0,0,0,0,青铜龙军团,,531,-1,0,0,0,0,0,0,0,0,0,0,0,0,0,0,0,0,0,0,0,0,0,1,1,5,5
0,0,0,0,蓝龙军团,,532,-1,0,0,0,0,0,0,0,0,0,0,0,0,0,0,0,0,0,0,0,0,0,1,1,5,5
-1,0,0,0,制皮 - 部族制皮专精,,549,24,0,0,0,0,0,0,0,0,0,4,0,0,0,2999,0,0,0,3000,0,0,0,1,1,5,5
-1,0,0,0,工程学 - 地精工程学专精,,550,26,0,0,0,0,0,0,0,0,0,4,0,0,0,2999,0,0,0,3000,0,0,0,1,1,5,5
-1,0,0,0,工程学 - 侏儒工程学专精,,551,25,0,0,0,0,0,0,0,0,0,4,0,0,0,2999,0,0,0,3000,0,0,0,1,1,5,5
-1,0,0,0,锻造 - 战锤锻造专精,,569,33,0,0,0,0,0,0,0,0,0,4,0,0,0,0,0,0,0,3000,0,0,0,1,1,5,5
-1,0,0,0,锻造 - 战斧锻造专精,,570,31,0,0,0,0,0,0,0,0,0,4,0,0,0,0,0,0,0,3000,0,0,0,1,1,5,5
-1,0,0,0,锻造 - 长剑锻造专精,,571,32,0,0,0,0,0,0,0,0,0,4,0,0,0,0,0,0,0,3000,0,0,0,1,1,5,5
0,0,0,0,邪枝巨魔,,572,-1,0,0,0,0,0,0,0,0,0,0,0,0,0,0,0,0,0,0,0,0,0,1,1,5,5
0,0,0,0,南海海盗,,573,-1,0,0,0,0,0,0,0,0,0,0,0,0,0,0,0,0,0,0,0,0,0,1,1,5,5
-1,0,0,0,凯尔达隆,,574,34,0,0,0,0,0,0,0,0,0,4,0,0,0,0,0,0,0,42000,0,0,0,1,1,5,5
0,0,0,0,未堕落的熊怪,,575,-1,0,0,0,0,0,0,0,0,0,0,0,0,0,0,0,0,0,0,0,0,0,1,1,5,5
-1,0,0,0,木喉要塞,作为最后一支尚未堕落的熊怪部族，木喉部族正致力于保留他们那种独特的精神修行之道，并试图终结其他熊怪部族的痛苦。,576,35,1118,0,0,0,0,0,0,0,0,0,0,0,0,-2900,0,0,0,42000,0,0,0,0,0,5,5
-1,0,0,0,永望镇,热砂集团经营之下的一座贸易城市，坐落于冬泉谷的两条主要干道的交叉处。,577,28,169,0,0,0,0,0,0,0,0,64,0,0,0,500,0,0,0,42000,0,0,0,1,0.5,7,5
-6184943489809468494,6130900294268439629,0,0,冬刃豹训练师,这是一些专门在冬泉谷地区驯养冬泉霜刃豹的暗夜精灵。,589,27,0,0,0,0,0,0,0,0,0,6,0,0,0,-42000,0,0,0,-42000,42000,0,0,1,1,5,5
-1,3416260776,0,0,塞纳里奥议会,塞纳里奥议会的德鲁伊是自然的守卫者，他们定居于宁静的月光林地。,609,36,1118,0,0,0,0,3071,1024,0,0,16,16,0,0,0,2000,0,0,42000,42000,0,0,0,0,5,5
0,0,0,0,断矛巨魔,,629,-1,0,0,0,0,0,0,0,0,0,0,0,0,0,0,0,0,0,0,0,0,0,1,1,5,5
0,0,0,0,暴掠龙训练师,,630,-1,0,0,0,0,0,0,0,0,0,0,0,0,0,0,0,0,0,0,0,0,0,1,1,5,5
0,0,0,0,管理者埃克索图斯,,649,-1,0,0,0,0,0,0,0,0,0,0,0,0,0,0,0,0,0,0,0,0,0,1,1,5,5
0,0,0,0,Beast - Carrion Bird,,669,-1,0,0,0,0,0,0,0,0,0,0,0,0,0,0,0,0,0,0,0,0,0,1,1,5,5
0,0,0,0,Beast - Cat,,670,-1,0,0,0,0,0,0,0,0,0,0,0,0,0,0,0,0,0,0,0,0,0,1,1,5,5
0,0,0,0,Beast - Crab,,671,-1,0,0,0,0,0,0,0,0,0,0,0,0,0,0,0,0,0,0,0,0,0,1,1,5,5
0,0,0,0,Beast - Crocilisk,,672,-1,0,0,0,0,0,0,0,0,0,0,0,0,0,0,0,0,0,0,0,0,0,1,1,5,5
0,0,0,0,Beast - Hyena,,673,-1,0,0,0,0,0,0,0,0,0,0,0,0,0,0,0,0,0,0,0,0,0,1,1,5,5
0,0,0,0,Beast - Owl,,674,-1,0,0,0,0,0,0,0,0,0,0,0,0,0,0,0,0,0,0,0,0,0,1,1,5,5
0,0,0,0,Beast - Scorpid,,675,-1,0,0,0,0,0,0,0,0,0,0,0,0,0,0,0,0,0,0,0,0,0,1,1,5,5
0,0,0,0,Beast - Tallstrider,,676,-1,0,0,0,0,0,0,0,0,0,0,0,0,0,0,0,0,0,0,0,0,0,1,1,5,5
0,0,0,0,Beast - Turtle,,677,-1,0,0,0,0,0,0,0,0,0,0,0,0,0,0,0,0,0,0,0,0,0,1,1,5,5
0,0,0,0,Beast - Wind Serpent,,678,-1,0,0,0,0,0,0,0,0,0,0,0,0,0,0,0,0,0,0,0,0,0,1,1,5,5
0,0,0,0,Training Dummy,,679,-1,0,0,0,0,0,0,0,0,0,0,0,0,0,0,0,0,0,0,0,0,0,1,1,5,5
0,0,0,0,"Dragonflight, Black - Bait",,689,-1,0,0,0,0,0,0,0,0,0,0,0,0,0,0,0,0,0,0,0,0,0,1,1,5,5
0,0,0,0,Battleground Neutral,,709,-1,0,0,0,0,0,0,0,0,0,0,0,0,0,0,0,0,0,0,0,0,0,1,1,5,5
-6184943489809468494,6130900294268439629,0,0,霜狼氏族,霜狼氏族正在努力将雷矛探险队赶出奥特兰克山谷。,729,41,892,0,0,0,0,0,0,0,0,16,6,0,0,0,-42000,0,0,42000,-42000,0,0,0,0,5,5
6130900294268439629,-6184943489809468494,0,0,雷矛卫队,一群在奥特兰克山谷建立了永久居所的矮人，正与霜狼氏族的兽人激烈交战中。,730,40,891,0,0,0,0,0,0,0,0,16,6,0,0,0,-42000,0,0,42000,-42000,0,0,0,0,5,5
-1,0,0,0,海达希亚水元素,这些元素生物定居于艾萨拉的东部的一座小岛上，是拉格纳罗斯及其军团的死敌。,749,42,1118,0,0,0,0,0,0,0,0,0,0,0,0,0,0,0,0,42000,0,0,0,0,0,5,5
0,0,0,0,萨弗隆火元素,,750,-1,0,0,0,0,0,0,0,0,0,0,0,0,0,0,0,0,0,0,0,0,0,1,1,5,5
0,0,0,0,吉兹洛克的假人,,769,-1,0,0,0,0,0,0,0,0,0,0,0,0,0,0,0,0,0,0,0,0,0,1,1,5,5
0,0,0,0,Gizlock's Charm,,770,-1,0,0,0,0,0,0,0,0,0,0,0,0,0,0,0,0,0,0,0,0,0,1,1,5,5
0,0,0,0,吉兹洛克,,771,-1,0,0,0,0,0,0,0,0,0,0,0,0,0,0,0,0,0,0,0,0,0,1,1,5,5
0,0,0,0,莫洛加,,789,-1,0,0,0,0,0,0,0,0,0,0,0,0,0,0,0,0,0,0,0,0,0,1,1,5,5
0,0,0,0,Spirit Guide - Alliance,,790,-1,0,0,0,0,0,0,0,0,0,0,0,0,0,0,0,0,0,0,0,0,0,1,1,5,5
-1,0,0,0,辛德拉,一群居住在厄运之槌的精灵后裔，他们仍然具有着相当渊博的智慧与学识，并保守着一些伟大的秘密。,809,44,1118,0,0,0,0,0,0,0,0,16,0,0,0,0,0,0,0,42000,0,0,0,0,0,5,5
0,0,0,0,Ogre (Captain Kromcrush),,829,-1,0,0,0,0,0,0,0,0,0,0,0,0,0,0,0,0,0,0,0,0,0,1,1,5,5
0,0,0,0,Spirit Guide - Horde,,849,-1,0,0,0,0,0,0,0,0,0,0,0,0,0,0,0,0,0,0,0,0,0,1,1,5,5
0,0,0,0,加德纳尔,,869,-1,0,0,0,0,0,0,0,0,0,0,0,0,0,0,0,0,0,0,0,0,0,1,1,5,5
-6184943489809468494,6130900294268439629,0,0,战歌氏族,战歌氏族是最具攻击性的兽人氏族，目前正与暗夜精灵的银翼哨兵部队在战歌峡谷激烈地交战中。,889,46,892,0,0,0,0,0,0,0,0,16,6,0,0,0,-42000,0,0,42000,-42000,0,0,0,0,7,7
6130900294268439629,-6184943489809468494,0,0,银翼要塞,灰谷地区坚定的守卫者，目前正与战歌氏族在战歌峡谷中激烈交战。,890,45,891,0,0,0,0,0,0,0,0,16,6,0,0,0,-42000,0,0,42000,-42000,0,0,0,0,7,7
6130900294268439629,-6184943489809468494,0,0,联盟部队,,891,47,1118,0,0,0,0,0,0,0,0,24,14,0,0,0,-42000,0,0,42000,-42000,0,0,0,0,5,5
-6184943489809468494,6130900294268439629,0,0,部落军队,,892,48,1118,0,0,0,0,0,0,0,0,24,14,0,0,0,-42000,0,0,42000,-42000,0,0,0,0,5,5
0,0,0,0,恶齿巨魔,,893,-1,0,0,0,0,0,0,0,0,0,0,0,0,0,0,0,0,0,0,0,0,0,1,1,5,5
-1,0,0,0,暗月马戏团,一个向全世界展示着各类珍奇异宝的马戏团。马戏团位于一座神秘的岛屿上，只在每月的第一周开放。,909,50,1118,0,0,0,0,0,0,0,0,16,0,0,0,0,0,0,0,42000,0,0,0,0,0,5,5
-1,0,0,0,诺兹多姆的子嗣,青铜龙军团的后代，时间的守卫者，对凡人种族漠不关心。,910,54,1118,0,0,0,0,0,0,0,0,0,0,0,0,-42000,0,0,0,42000,0,0,0,0,0,5,5
1308635554,6130900294268439629,512,16,银月城,奎尔萨拉斯的首都，血精灵的家园。虽然银月城几乎被阿尔萨斯毁灭，但它再次成为了一座繁荣的城市。,911,55,67,0,0,0,0,0,0,0,0,273,6,17,17,400,-42000,4000,3100,42000,-42000,42000,42000,1,0.25,4,7
0,0,0,0,卡利姆多联军,,912,-1,0,0,0,0,0,0,0,0,0,0,0,0,0,0,0,0,0,0,0,0,0,1,1,5,5
0,0,0,0,玩家，血精灵,,914,-1,0,0,0,0,0,0,0,0,0,0,0,0,0,0,0,0,0,0,0,0,0,1,1,5,5
0,0,0,0,克苏恩的军队,,915,-1,0,0,0,0,0,0,0,0,0,0,0,0,0,0,0,0,0,0,0,0,0,1,1,5,5
0,0,0,0,异种虫类,,916,-1,0,0,0,0,0,0,0,0,0,0,0,0,0,0,0,0,0,0,0,0,0,1,1,5,5
0,0,0,0,铁炉堡军团,,917,-1,0,0,0,0,0,0,0,0,0,0,0,0,0,0,0,0,0,0,0,0,0,1,1,5,5
0,0,0,0,RC Enemies,,918,-1,0,0,0,0,0,0,0,0,0,0,0,0,0,0,0,0,0,0,0,0,0,1,1,5,5
0,0,0,0,RC Objects,,919,-1,0,0,0,0,0,0,0,0,0,0,0,0,0,0,0,0,0,0,0,0,0,1,1,5,5
0,0,0,0,红,,920,-1,0,0,0,0,0,0,0,0,0,0,0,0,0,0,0,0,0,0,0,0,0,1,1,5,5
0,0,0,0,蓝,,921,-1,0,0,0,0,0,0,0,0,0,0,0,0,0,0,0,0,0,0,0,0,0,1,1,5,5
-6184943489809468494,6130900294268439629,0,0,塔奎林,塔奎林曾是一座高等精灵的城镇，但是在天灾军团入侵奎尔萨拉斯之后被废弃了。现在，被遗忘者和血精灵联手夺回了这座城镇。,922,56,980,0,0,0,0,0,0,0,0,16,6,0,0,0,-42000,0,0,42000,-42000,0,0,0,0,5,5
0,0,0,0,远行者,,923,-1,0,0,0,0,0,0,0,0,0,0,0,0,0,0,0,0,0,0,0,0,0,1,1,5,5
0,0,0,0,逐日者,,925,-1,0,0,0,0,0,0,0,0,0,0,0,0,0,0,0,0,0,0,0,0,0,1,1,5,5
0,0,0,0,魔导师公会,,926,-1,0,0,0,0,0,0,0,0,0,0,0,0,0,0,0,0,0,0,0,0,0,1,1,5,5
0,0,0,0,玩家，德莱尼,,927,-1,0,0,0,0,0,0,0,0,0,0,0,0,0,0,0,0,0,0,0,0,0,1,1,5,5
0,0,0,0,天灾入侵者,,928,-1,0,0,0,0,0,0,0,0,0,0,0,0,0,0,0,0,0,0,0,0,0,1,1,5,5
0,0,0,0,血槌氏族,,929,-1,469,0,0,0,0,0,0,0,0,0,0,0,0,0,0,0,0,0,0,0,0,0,0,3,3
2434811981,-6184943489809468494,536871936,0,埃索达,将德莱尼人带到艾泽拉斯世界来的纳鲁飞船，目前搁浅在秘蓝岛上。对于这个高贵的种族来说，埃索达是他们的主城。,930,49,469,0,0,0,0,0,0,0,0,273,6,17,0,3100,-42000,4000,0,42000,-42000,42000,0,1,0.25,4,7
3751836159,536871936,512,0,奥尔多,一个古老的德莱尼祭司组织，起初由维伦领导。现在他们在高阶女祭司伊沙娜的指引下为沙塔斯城的纳鲁效力。与占星者势力敌对。,932,58,936,0,0,0,0,0,0,0,0,80,80,80,0,0,3500,-3500,0,42000,42000,42000,0,-1.1,1,7,7
-1,0,0,0,星界财团,由星界巨商哈拉麦德领导的星界财团是一个结构松散的商业联盟，其成员都是从事走私、贸易或盗窃的虚灵。,933,60,980,0,0,0,0,0,0,0,0,16,0,0,0,0,0,0,0,42000,0,0,0,0,0,7,7
3751836159,536871936,512,0,占星者,由先知沃雷塔尔领导的这群血精灵拒绝跟随凯尔萨斯。他们加入了沙塔斯城的纳鲁联军，这令奥尔多感到非常不安。,934,62,936,0,0,0,0,0,0,0,0,80,80,80,0,0,-3500,3500,0,42000,42000,42000,0,-1.1,1,7,7
-1,0,0,0,沙塔尔,沙塔尔是一群统治沙塔斯城的强大纳鲁人的组织。在奥尔多和占星者的帮助下，他们正在领导针对伊利丹和燃烧军团的战斗。,935,39,936,0,0,0,0,0,0,0,0,16,0,0,0,0,0,0,0,42000,0,0,0,0.5,0,4,3
-1,0,0,0,沙塔斯城,,936,59,980,0,0,0,0,0,0,0,0,28,0,0,0,0,0,0,0,42000,0,0,0,0,0,7,7
0,0,0,0,森林巨魔,,937,-1,0,0,0,0,0,0,0,0,0,0,0,0,0,0,0,0,0,0,0,0,0,1,1,5,5
0,0,0,0,欧麦尼,,938,-1,0,0,0,0,0,0,0,0,0,0,0,0,0,0,0,0,0,0,0,0,0,1,1,5,5
0,0,0,0,洛萨之子,,940,-1,0,0,0,0,0,0,0,0,0,0,0,0,0,0,0,0,0,0,0,0,0,1,1,5,5
-6184943489809468494,6130900294268439629,0,0,玛格汉,这群隐居的棕皮兽人逃脱了恶魔的腐蚀，并在天崩地裂的外域中保持了古老的传统。,941,61,980,0,0,0,0,0,0,0,0,16,6,0,0,-500,-42000,0,0,42000,-42000,0,0,0,0,5,5
-1,0,0,0,塞纳里奥远征队,塞纳里奥议会派往外域研究生态的探险队。在黑暗之门开启后，远征队迅速壮大，并获得了自治权。,942,64,980,0,0,0,0,0,0,0,0,16,0,0,0,0,0,0,0,42000,0,0,0,0,0,5,5
0,0,0,0,邪兽人,,943,-1,0,0,0,0,0,0,0,0,0,0,0,0,0,0,0,0,0,0,0,0,0,1,1,5,5
0,0,0,0,邪兽人幽灵,,944,-1,0,0,0,0,0,0,0,0,0,0,0,0,0,0,0,0,0,0,0,0,0,1,1,5,5
0,0,0,0,洛萨之子,,945,-1,0,0,0,0,0,0,0,0,0,0,0,0,0,0,0,0,0,0,0,0,0,1,1,5,5
6130900294268439629,-6184943489809468494,0,0,荣耀堡,这座前哨基地坐落在地狱火半岛上，由第一批深入德拉诺的联盟精英部队“洛萨之子”的残余力量坚守。现在他们得到了来自暴风城和铁炉堡的支援。,946,38,980,0,0,0,0,0,0,0,0,16,0,0,0,0,-42000,0,0,42000,-42000,0,0,0,0,5,5
-6184943489809468494,6130900294268439629,0,0,萨尔玛,由萨尔派出的远征军在地狱火半岛建立的要塞。萨尔玛是部落在外域的大部分行动的根据地。,947,37,980,0,0,0,0,0,0,0,0,16,0,0,0,0,-42000,0,0,42000,-42000,0,0,0,0,5,5
58732543,0,0,0,Test Faction 2,,948,86,949,0,0,0,0,0,0,0,0,8,0,0,0,0,0,0,0,42000,0,0,0,1,1,5,5
-1,0,0,0,Test Faction 1,,949,85,0,0,184,0,0,0,0,0,0,24,0,0,0,0,0,0,0,42000,0,0,0,1,1,5,5
0,0,0,0,ToWoW - Flag,,950,-1,0,0,0,0,0,0,0,0,0,0,0,0,0,0,0,0,0,0,0,0,0,1,1,5,5
0,0,0,0,ToWoW - Flag Trigger Alliance (DND),,951,-1,0,0,0,0,0,0,0,0,0,0,0,0,0,0,0,0,0,0,0,0,0,1,1,5,5
-1,0,0,0,Test Faction 3,,952,87,948,0,0,0,0,0,0,0,0,0,0,0,0,0,0,0,0,42000,0,0,0,1,1,5,5
0,0,0,0,ToWoW - Flag Trigger Horde (DND),,954,-1,0,0,0,0,0,0,0,0,0,0,0,0,0,0,0,0,0,0,0,0,0,1,1,5,5
0,0,0,0,破碎者,,955,-1,0,0,0,0,0,0,0,0,0,0,0,0,0,0,0,0,0,0,0,0,0,1,1,5,5
0,0,0,0,复仇军,,956,-1,0,0,0,0,0,0,0,0,0,0,0,0,0,0,0,0,0,0,0,0,0,1,1,5,5
0,0,0,0,土元素,,957,-1,0,0,0,0,0,0,0,0,0,0,0,0,0,0,0,0,0,0,0,0,0,1,1,5,5
0,0,0,0,打架机器人,,958,-1,0,0,0,0,0,0,0,0,0,0,0,0,0,0,0,0,0,0,0,0,0,1,1,5,5
0,0,0,0,好演员,,959,-1,0,0,0,0,0,0,0,0,0,0,0,0,0,0,0,0,0,0,0,0,0,1,1,5,5
0,0,0,0,坏演员,,960,-1,0,0,0,0,0,0,0,0,0,0,0,0,0,0,0,0,0,0,0,0,0,1,1,5,5
0,0,0,0,止松熊怪,,961,-1,0,0,0,0,0,0,0,0,0,0,0,0,0,0,0,0,0,0,0,0,0,1,1,5,5
0,0,0,0,疯狂的枭兽,,962,-1,0,0,0,0,0,0,0,0,0,0,0,0,0,0,0,0,0,0,0,0,0,1,1,5,5
0,0,0,0,联盟棋子,,963,-1,0,0,0,0,0,0,0,0,0,0,0,0,0,0,0,0,0,0,0,0,0,1,1,5,5
0,0,0,0,部落棋子,,964,-1,0,0,0,0,0,0,0,0,0,0,0,0,0,0,0,0,0,0,0,0,0,1,1,5,5
0,0,0,0,Monster Spar,,965,-1,0,0,0,0,0,0,0,0,0,0,0,0,0,0,0,0,0,0,0,0,0,1,1,5,5
0,0,0,0,Monster Spar Buddy,,966,-1,0,0,0,0,0,0,0,0,0,0,0,0,0,0,0,0,0,0,0,0,0,1,1,5,5
-1,0,0,0,紫罗兰之眼,一个由肯瑞托为了调查麦迪文和监视他的活动而建立的秘密组织。,967,63,980,0,0,0,0,0,0,0,0,16,0,0,0,0,0,0,0,42000,0,0,0,0,0,5,5
0,0,0,0,炎鹰,,968,-1,0,0,0,0,0,0,0,0,0,0,0,0,0,0,0,0,0,0,0,0,0,1,1,5,5
0,0,0,0,阿古斯之手,,969,-1,0,0,0,0,0,0,0,0,0,0,0,0,0,0,0,0,0,0,0,0,0,1,1,5,5
-1,0,0,0,孢子村,生活在外域的孢子人是一个非常温和的种族。他们的家园就坐落在赞加沼泽南部的沼泽地中。,970,65,980,0,0,0,0,0,0,0,0,0,0,0,0,-2500,0,0,0,42000,0,0,0,0,0,5,5
0,0,0,0,真菌巨人,,971,-1,0,0,0,0,0,0,0,0,0,0,0,0,0,0,0,0,0,0,0,0,0,1,1,5,5
0,0,0,0,孢子蝠,,972,-1,0,0,0,0,0,0,0,0,0,0,0,0,0,0,0,0,0,0,0,0,0,1,1,5,5
0,0,0,0,"Monster, Predator",,973,-1,0,0,0,0,0,0,0,0,0,0,0,0,0,0,0,0,0,0,0,0,0,1,1,5,5
0,0,0,0,"Monster, Prey",,974,-1,0,0,0,0,0,0,0,0,0,0,0,0,0,0,0,0,0,0,0,0,0,1,1,5,5
0,0,0,0,虚空畸能,,975,-1,0,0,0,0,0,0,0,0,0,0,0,0,0,0,0,0,0,0,0,0,0,1,1,5,5
0,0,0,0,海加尔防御者,,976,-1,0,0,0,0,0,0,0,0,0,0,0,0,0,0,0,0,0,0,0,0,0,1,1,5,5
0,0,0,0,海加尔入侵者,,977,-1,0,0,0,0,0,0,0,0,0,0,0,0,0,0,0,0,0,0,0,0,0,1,1,5,5
6130900294268439629,-6184943489809468494,0,0,库雷尼,在德莱尼语中意为“得到救赎”。这些从各种奴役和控制中逃出来的破碎者在纳格兰建立了自己的家园，寻找自己真正的命运。,978,66,980,0,0,0,0,0,0,0,0,16,0,0,0,-1200,-42000,0,0,42000,-42000,0,0,0,0,5,5
0,0,0,0,大地之环，旧世界,,979,-1,0,0,0,0,0,0,0,0,0,0,0,0,0,0,0,0,0,0,0,0,0,1,1,5,5
-1,0,0,0,燃烧的远征,,980,43,0,1,0,0,0,0,0,0,0,24,0,0,0,0,0,0,0,0,0,0,0,0,0,5,5
0,0,0,0,鸦人,,981,-1,0,0,0,0,0,0,0,0,0,0,0,0,0,0,0,0,0,0,0,0,0,1,1,5,5
0,0,0,0,赞加沼泽军旗（联盟）,,982,-1,0,0,0,0,0,0,0,0,0,0,0,0,0,0,0,0,0,0,0,0,0,1,1,5,5
0,0,0,0,赞加沼泽军旗（部落）,,983,-1,0,0,0,0,0,0,0,0,0,0,0,0,0,0,0,0,0,0,0,0,0,1,1,5,5
0,0,0,0,赞加沼泽军旗（中立）,,984,-1,0,0,0,0,0,0,0,0,0,0,0,0,0,0,0,0,0,0,0,0,0,1,1,5,5
0,0,0,0,时光之穴 - 萨尔,,985,-1,0,0,0,0,0,0,0,0,0,0,0,0,0,0,0,0,0,0,0,0,0,1,1,5,5
0,0,0,0,时光之穴 - 敦霍尔德,,986,-1,0,0,0,0,0,0,0,0,0,0,0,0,0,0,0,0,0,0,0,0,0,1,1,5,5
0,0,0,0,时光之穴 - 南海镇卫兵,,987,-1,0,0,0,0,0,0,0,0,0,0,0,0,0,0,0,0,0,0,0,0,0,1,1,5,5
0,0,0,0,暗影议会,,988,-1,0,0,0,0,0,0,0,0,0,0,0,0,0,0,0,0,0,0,0,0,0,1,1,5,5
-1,0,0,0,时光守护者,这些由诺兹多姆亲自挑选的青铜龙无时无刻不在监视着时光之穴。,989,67,980,0,0,0,0,0,0,0,0,16,0,0,0,0,0,0,0,42000,0,0,0,0,0,5,5
-1,0,0,0,流沙之鳞,隶属于青铜龙军团的秘密组织，由诺兹多姆最亲密的伴侣索莉多米领导。,990,57,980,0,0,0,0,0,0,0,0,16,0,0,0,0,0,0,0,42000,0,0,0,0,0,5,5
0,0,0,0,"Dark Portal Defender, Alliance",,991,-1,0,0,0,0,0,0,0,0,0,0,0,0,0,0,0,0,0,0,0,0,0,1,1,5,5
0,0,0,0,"Dark Portal Defender, Horde",,992,-1,0,0,0,0,0,0,0,0,0,0,0,0,0,0,0,0,0,0,0,0,0,1,1,5,5
0,0,0,0,"Dark Portal Attacker, Legion",,993,-1,0,0,0,0,0,0,0,0,0,0,0,0,0,0,0,0,0,0,0,0,0,1,1,5,5
0,0,0,0,Inciter Trigger,Used for the Blackheart the Inciter event.,994,-1,0,0,0,0,0,0,0,0,0,0,0,0,0,0,0,0,0,0,0,0,0,1,1,5,5
0,0,0,0,Inciter Trigger 2,Used for the Blackheart the Inciter event.,995,-1,0,0,0,0,0,0,0,0,0,0,0,0,0,0,0,0,0,0,0,0,0,1,1,5,5
0,0,0,0,Inciter Trigger 3,Used for the Blackheart the Inciter event.,996,-1,0,0,0,0,0,0,0,0,0,0,0,0,0,0,0,0,0,0,0,0,0,1,1,5,5
0,0,0,0,Inciter Trigger 4,Used for the Blackheart the Inciter event.,997,-1,0,0,0,0,0,0,0,0,0,0,0,0,0,0,0,0,0,0,0,0,0,1,1,5,5
0,0,0,0,Inciter Trigger 5,Used for the Blackheart the Inciter event.,998,-1,0,0,0,0,0,0,0,0,0,0,0,0,0,0,0,0,0,0,0,0,0,1,1,5,5
0,0,0,0,法力生物,,999,-1,0,0,0,0,0,0,0,0,0,0,0,0,0,0,0,0,0,0,0,0,0,1,1,5,5
0,0,0,0,卡德加的仆从,,1000,-1,0,0,0,0,0,0,0,0,0,0,0,0,0,0,0,0,0,0,0,0,0,1,1,5,5
0,0,0,0,刀塔氏族,,1001,-1,0,0,0,0,0,0,0,0,0,0,0,0,0,0,0,0,0,0,0,0,0,1,1,5,5
0,0,0,0,复仇军,,1002,-1,0,0,0,0,0,0,0,0,0,0,0,0,0,0,0,0,0,0,0,0,0,1,1,5,5
0,0,0,0,维序派,,1003,-1,0,0,0,0,0,0,0,0,0,0,0,0,0,0,0,0,0,0,0,0,0,1,1,5,5
0,0,0,0,Arcane Annihilator (DNR),,1004,-1,0,0,0,0,0,0,0,0,0,0,0,0,0,0,0,0,0,0,0,0,0,1,1,5,5
-1,0,0,0,"Friendly, Hidden",,1005,68,0,0,0,0,0,3551,0,0,0,20,0,0,0,3000,0,0,0,30000,0,0,0,1,1,5,5
0,0,0,0,Kirin'Var - Dathric,,1006,-1,0,0,0,0,0,0,0,0,0,0,0,0,0,0,0,0,0,0,0,0,0,1,1,5,5
0,0,0,0,Kirin'Var - Belmara,,1007,-1,0,0,0,0,0,0,0,0,0,0,0,0,0,0,0,0,0,0,0,0,0,1,1,5,5
0,0,0,0,Kirin'Var - Luminrath,,1008,-1,0,0,0,0,0,0,0,0,0,0,0,0,0,0,0,0,0,0,0,0,0,1,1,5,5
0,0,0,0,Kirin'Var - Cohlien,,1009,-1,0,0,0,0,0,0,0,0,0,0,0,0,0,0,0,0,0,0,0,0,0,1,1,5,5
0,0,0,0,伊利丹的仆从,,1010,-1,0,0,0,0,0,0,0,0,0,0,0,0,0,0,0,0,0,0,0,0,0,1,1,5,5
-1,0,0,0,贫民窟,来自各个地方、各个种族的避难者在沙塔斯城的聚集地。在贫民窟中，善行善举总是会很快传遍所有人的耳朵。,1011,69,936,0,0,0,0,4095,0,0,0,16,0,0,0,0,0,0,0,42000,0,0,0,0,0,3,3
-1,0,0,0,灰舌死誓者,来自破碎者灰舌部族的精英勇士，表面上与伊利丹结盟。这些勇士是阿卡玛最信任的部下，并参与了他的秘密计划。,1012,70,980,0,0,0,0,0,0,0,0,16,0,0,0,0,0,0,0,42000,0,0,0,0,0,3,3
0,0,0,0,Spirits of Shadowmoon 1,,1013,-1,0,0,0,0,0,0,0,0,0,0,0,0,0,0,0,0,0,0,0,0,0,1,1,5,5
0,0,0,0,Spirits of Shadowmoon 2,,1014,-1,0,0,0,0,0,0,0,0,0,0,0,0,0,0,0,0,0,0,0,0,0,1,1,5,5
-1,0,0,0,灵翼之龙,这种罕见的龙是死亡之翼的后代，受到原始的虚空能量影响后发生了变异。现在，他们正在努力摆脱死亡之翼的血脉带来的阴影，找寻自己的命运。,1015,71,980,0,0,0,0,4095,0,0,0,2,0,0,0,-42000,0,0,0,42000,0,0,0,0,0,5,5
0,0,0,0,拜龙教,,1016,-1,0,0,0,0,0,0,0,0,0,0,0,0,0,0,0,0,0,0,0,0,0,1,1,5,5
0,0,0,0,树人,,1017,-1,0,0,0,0,0,0,0,0,0,0,0,0,0,0,0,0,0,0,0,0,0,1,1,5,5
0,0,0,0,Leotheras Demon I,,1018,-1,0,0,0,0,0,0,0,0,0,0,0,0,0,0,0,0,0,0,0,0,0,1,1,5,5
0,0,0,0,Leotheras Demon II,,1019,-1,0,0,0,0,0,0,0,0,0,0,0,0,0,0,0,0,0,0,0,0,0,1,1,5,5
0,0,0,0,Leotheras Demon III,,1020,-1,0,0,0,0,0,0,0,0,0,0,0,0,0,0,0,0,0,0,0,0,0,1,1,5,5
0,0,0,0,Leotheras Demon IV,,1021,-1,0,0,0,0,0,0,0,0,0,0,0,0,0,0,0,0,0,0,0,0,0,1,1,5,5
0,0,0,0,Leotheras Demon V,,1022,-1,0,0,0,0,0,0,0,0,0,0,0,0,0,0,0,0,0,0,0,0,0,1,1,5,5
0,0,0,0,阿萨洛斯,,1023,-1,0,0,0,0,0,0,0,0,0,0,0,0,0,0,0,0,0,0,0,0,0,1,1,5,5
0,0,0,0,剥石者,,1024,-1,0,0,0,0,0,0,0,0,0,0,0,0,0,0,0,0,0,0,0,0,0,1,1,5,5
0,0,0,0,剥石者猎手,,1025,-1,0,0,0,0,0,0,0,0,0,0,0,0,0,0,0,0,0,0,0,0,0,1,1,5,5
0,0,0,0,影月之魂,,1026,-1,0,0,0,0,0,0,0,0,0,0,0,0,0,0,0,0,0,0,0,0,0,1,1,5,5
0,0,0,0,军团联络器,,1027,-1,0,0,0,0,0,0,0,0,0,0,0,0,0,0,0,0,0,0,0,0,0,1,1,5,5
0,0,0,0,乌鸦林古树,,1028,-1,0,0,0,0,0,0,0,0,0,0,0,0,0,0,0,0,0,0,0,0,0,1,1,5,5
0,0,0,0,"Chess, Friendly to All Chess",,1029,-1,0,0,0,0,0,0,0,0,0,0,0,0,0,0,0,0,0,0,0,0,0,1,1,5,5
0,0,0,0,Black Temple Gates - Illidari,,1030,-1,0,0,0,0,0,0,0,0,0,0,0,0,0,0,0,0,0,0,0,0,0,1,1,5,5
-1,0,0,0,沙塔尔天空卫队,一支由沙塔斯城建立的空中武装力量，职责是应对潜伏在外域天空中的威胁。,1031,72,936,0,0,0,0,4095,0,0,0,16,0,0,0,0,0,0,0,42000,0,0,0,0,0,5,5
0,0,0,0,52区,,1032,-1,0,0,0,0,0,0,0,0,0,0,0,0,0,0,0,0,0,0,0,0,0,1,1,5,5
0,0,0,0,玛维,,1033,-1,0,0,0,0,0,0,0,0,0,0,0,0,0,0,0,0,0,0,0,0,0,1,1,5,5
0,0,0,0,斯克提斯阴影鸦人,,1034,-1,0,0,0,0,0,0,0,0,0,0,0,0,0,0,0,0,0,0,0,0,0,1,1,5,5
0,0,0,0,斯克提斯鸦人,,1035,-1,0,0,0,0,0,0,0,0,0,0,0,0,0,0,0,0,0,0,0,0,0,1,1,5,5
0,0,0,0,龙喉之敌,,1036,-1,0,0,0,0,0,0,0,0,0,0,0,0,0,0,0,0,0,0,0,0,0,1,1,5,5
6130900294268439629,-6184943489809468494,0,0,联盟先遣军,联盟派往诺森德的多支部队的统称，由无畏远征军领导。同时也包括一些非军事组织，如探险者协会。,1037,88,1097,0,0,0,0,0,0,0,0,136,6,0,0,0,0,0,0,42000,0,0,0,0,0,5,5
-1,0,0,0,奥格瑞拉,聪明而开化的奥格瑞拉食人魔居住在刀锋山的西部区域，那里富产的埃匹希斯水晶使得他们的智商远远超越了其他野蛮的同类。,1038,73,980,0,0,0,0,0,0,0,0,16,0,0,0,0,0,0,0,42000,0,0,0,0,0,5,5
0,0,0,0,掠食者,,1039,-1,0,0,0,0,0,0,0,0,0,0,0,0,0,0,0,0,0,0,0,0,0,1,1,5,5
0,0,0,0,REUSE,,1040,-1,0,0,0,0,0,0,0,0,0,0,0,0,0,0,0,0,0,0,0,0,0,1,1,5,5
0,0,0,0,狂鱼,,1041,-1,0,0,0,0,0,0,0,0,0,0,0,0,0,0,0,0,0,0,0,0,0,1,1,5,5
0,0,0,0,天空卫队之敌,,1042,-1,0,0,0,0,0,0,0,0,0,0,0,0,0,0,0,0,0,0,0,0,0,1,1,5,5
0,0,0,0,臭鼬,,1043,-1,0,0,0,0,0,0,0,0,0,0,0,0,0,0,0,0,0,0,0,0,0,1,1,5,5
0,0,0,0,塞拉摩叛逃者,,1044,-1,0,0,0,0,0,0,0,0,0,0,0,0,0,0,0,0,0,0,0,0,0,1,1,5,5
0,0,0,0,维库人,,1045,-1,0,0,0,0,0,0,0,0,0,0,0,0,0,0,0,0,0,0,0,0,0,1,1,5,5
0,0,0,0,北海海盗,,1046,-1,0,0,0,0,0,0,0,0,0,0,0,0,0,0,0,0,0,0,0,0,0,1,1,5,5
0,0,0,0,海象人,,1047,-1,0,0,0,0,0,0,0,0,0,0,0,0,0,0,0,0,0,0,0,0,0,1,1,5,5
0,0,0,0,UNUSED,,1048,-1,0,0,0,0,0,0,0,0,0,0,0,0,0,0,0,0,0,0,0,0,0,1,1,5,5
0,0,0,0,阿曼尼巨魔,,1049,-1,0,0,0,0,0,0,0,0,0,0,0,0,0,0,0,0,0,0,0,0,0,1,1,5,5
6130900294268439629,-6184943489809468494,0,0,无畏远征军,联盟在诺森德的主力部队，由瓦里安·乌瑞恩国王统领，对抗天灾军团。,1050,74,1037,0,0,0,0,0,0,0,0,16,6,0,0,0,-42000,0,0,42000,-42000,0,0,0.5,0.5,7,7
0,0,0,0,UNUSED,,1051,-1,0,0,0,0,0,0,0,0,0,0,0,0,0,0,0,0,0,0,0,0,0,1,1,5,5
-6184943489809468494,6130900294268439629,0,0,部落先遣军,部落派往诺森德的多支部队的统称，由战歌远征军充当先头部队。,1052,75,1097,0,0,0,0,0,0,0,0,152,0,0,0,0,-42000,0,0,42000,-42000,0,0,0,0,5,5
0,0,0,0,Westguard,,1053,-1,0,0,0,0,0,0,0,0,0,0,0,0,0,0,0,0,0,0,0,0,0,1,1,5,5
0,0,0,0,Spotted Gryphon,,1054,-1,0,0,0,0,0,0,0,0,0,0,0,0,0,0,0,0,0,0,0,0,0,1,1,5,5
0,0,0,0,Tamed Plaguehound,,1055,-1,0,0,0,0,0,0,0,0,0,0,0,0,0,0,0,0,0,0,0,0,0,1,1,5,5
0,0,0,0,Vrykul (Ancient Spirit 1),,1056,-1,0,0,0,0,0,0,0,0,0,0,0,0,0,0,0,0,0,0,0,0,0,1,1,5,5
0,0,0,0,Vrykul (Ancient Siprit 2),,1057,-1,0,0,0,0,0,0,0,0,0,0,0,0,0,0,0,0,0,0,0,0,0,1,1,5,5
0,0,0,0,Vrykul (Ancient Siprit 3),,1058,-1,0,0,0,0,0,0,0,0,0,0,0,0,0,0,0,0,0,0,0,0,0,1,1,5,5
0,0,0,0,CTF - Flag - Alliance,,1059,-1,0,0,0,0,0,0,0,0,0,0,0,0,0,0,0,0,0,0,0,0,0,1,1,5,5
0,0,0,0,Test,,1060,-1,0,0,0,0,0,0,0,0,0,0,0,0,0,0,0,0,0,0,0,0,0,1,1,5,5
0,0,0,0,维库人,,1061,-1,0,0,0,0,0,0,0,0,0,0,0,0,0,0,0,0,0,0,0,0,0,1,1,5,5
0,0,0,0,维库角斗士,,1062,-1,0,0,0,0,0,0,0,0,0,0,0,0,0,0,0,0,0,0,0,0,0,1,1,5,5
0,0,0,0,Valgarde Combatant,,1063,-1,0,0,0,0,0,0,0,0,0,0,0,0,0,0,0,0,0,0,0,0,0,1,1,5,5
-6184943489809468494,6130900294268439629,0,0,牦牛人,这些坚强的牦牛人是牛头人的同类，在部落远征诺森德的战役中，他们成为了具有重要价值的斥候。,1064,76,1052,0,0,0,0,0,0,0,0,16,6,0,0,0,-42000,0,0,42000,-42000,0,0,0.5,0.5,7,7
0,0,0,0,"Monster, Zone Force Reaction 1",,1065,-1,0,0,0,0,0,0,0,0,0,0,0,0,0,0,0,0,0,0,0,0,0,1,1,5,5
0,0,0,0,"Monster, Zone Force Reaction 2",,1066,-1,0,0,0,0,0,0,0,0,0,0,0,0,0,0,0,0,0,0,0,0,0,1,1,5,5
-6184943489809468494,6130900294268439629,0,0,复仇之手,这支由希尔瓦娜斯·风行者派遣的被遗忘者势力想要在诺森德散播他们最新研制成功的瘟疫病菌，以此来向阿尔萨斯复仇。,1067,77,1052,0,0,0,0,0,0,0,0,16,0,0,0,0,-42000,0,0,42000,-42000,0,0,0.5,0.5,7,7
6130900294268439629,-6184943489809468494,0,0,探险者协会,这个组织致力于通过发掘泰坦遗留下来的古器追寻矮人种族的起源。最近他们来到诺森德的多处古迹进行研究。,1068,78,1037,0,0,0,0,0,0,0,0,16,6,0,0,0,-42000,0,0,42000,-42000,0,0,0.5,0.5,7,7
0,0,0,0,Ram Racing Powerup DND,,1069,-1,0,0,0,0,0,0,0,0,0,0,0,0,0,0,0,0,0,0,0,0,0,1,1,5,5
0,0,0,0,Ram Racing Trap DND,,1070,-1,0,0,0,0,0,0,0,0,0,0,0,0,0,0,0,0,0,0,0,0,0,1,1,5,5
0,0,0,0,Craig's Squirrels,A test faction.,1071,-1,0,0,0,0,0,0,0,0,0,0,0,0,0,0,0,0,0,0,0,0,0,1,1,5,5
0,0,0,0,REUSE,,1072,-1,0,0,0,0,0,0,0,0,0,0,0,0,0,0,0,0,0,0,0,0,0,1,1,5,5
-1,0,0,0,卡鲁亚克,海象人是坚韧而和平的种族，通过捕鲸和捕鱼谋生。他们的家园最近正在遭受凶猛的攻击，急需来自外界的援手。,1073,79,1097,0,0,0,0,0,0,0,0,16,0,0,0,0,0,0,0,42000,0,0,0,0,0,5,5
0,0,0,0,Holiday - Water Barrel,,1074,-1,0,0,0,0,0,0,0,0,0,0,0,0,0,0,0,0,0,0,0,0,0,1,1,5,5
0,0,0,0,Holiday - Generic,,1075,-1,0,0,0,0,0,0,0,0,0,0,0,0,0,0,0,0,0,0,0,0,0,1,1,5,5
0,0,0,0,铁矮人,,1076,-1,0,0,0,0,0,0,0,0,0,0,0,0,0,0,0,0,0,0,0,0,0,1,1,5,5
-1,0,0,0,破碎残阳,沙塔斯城的精锐部队，目标是向太阳之井的凯尔萨斯王子发动最终的攻势。,1077,80,936,0,0,0,0,0,0,0,0,16,0,0,0,0,0,0,0,42000,0,0,0,0,0,5,5
0,0,0,0,战斗宠物,,1078,-1,0,0,0,0,0,0,0,0,0,0,0,0,0,0,0,0,0,0,0,0,0,1,1,5,5
0,0,0,0,冬鳞鱼人,,1079,-1,0,0,0,0,0,0,0,0,0,0,0,0,0,0,0,0,0,0,0,0,0,1,1,5,5
0,0,0,0,"Friendly, Force Reaction 1",,1080,-1,0,0,0,0,0,0,0,0,0,0,0,0,0,0,0,0,0,0,0,0,0,1,1,5,5
0,0,0,0,"Object, Force Reaction",,1081,-1,0,0,0,0,0,0,0,0,0,0,0,0,0,0,0,0,0,0,0,0,0,1,1,5,5
0,0,0,0,REUSE,,1083,-1,0,0,0,0,0,0,0,0,0,0,0,0,0,0,0,0,0,0,0,0,0,1,1,5,5
0,0,0,0,"Vrykul, Sea",,1084,-1,0,0,0,0,0,0,0,0,0,0,0,0,0,0,0,0,0,0,0,0,0,1,1,5,5
6130900294268439629,-6184943489809468494,0,0,战歌远征军,部落的主力部队由加尔鲁什·地狱咆哮率领，向盘踞在诺森德的阿尔萨斯和天灾军团发起挑战。,1085,81,1052,0,0,0,0,0,0,0,0,6,16,0,0,-42000,0,0,0,-42000,42000,0,0,0.5,0.5,7,7
0,0,0,0,Poacher,,1086,-1,0,0,0,0,0,0,0,0,0,0,0,0,0,0,0,0,0,0,0,0,0,1,1,5,5
0,0,0,0,节日怪物,,1087,-1,0,0,0,0,0,0,0,0,0,0,0,0,0,0,0,0,0,0,0,0,0,1,1,5,5
0,0,0,0,"Furbolg, Redfang",,1088,-1,0,0,0,0,0,0,0,0,0,0,0,0,0,0,0,0,0,0,0,0,0,1,1,5,5
0,0,0,0,"Furbolg, Frostpaw",,1089,-1,0,0,0,0,0,0,0,0,0,0,0,0,0,0,0,0,0,0,0,0,0,1,1,5,5
6130900294268439629,-6184943489809468494,6130900294268439629,-6184943489809468494,肯瑞托,统治达拉然的法师和大法师们。由于蓝龙军团和亡灵天灾造成的威胁，他们将整座城市传送到了诺森德的腹地。,1090,84,1097,0,0,0,0,3967,3967,128,128,16,16,16,16,0,0,3000,3000,42000,42000,42000,42000,0,0,5,5
-1,0,0,0,龙眠联军,由于蓝龙军团粗暴地干涉凡人种族使用魔法的权利，其余的龙族不得不联合在红龙军团旗下，与这些狂乱的同胞抗衡。,1091,83,1097,0,0,0,0,0,0,0,0,16,0,0,0,0,0,0,0,42000,0,0,0,0,0,5,5
0,0,0,0,艾卓-尼鲁布,,1092,-1,0,0,0,0,0,0,0,0,0,0,0,0,0,0,0,0,0,0,0,0,0,1,1,5,5
0,0,0,0,REUSE,,1093,-1,0,0,0,0,0,0,0,0,0,0,0,0,0,0,0,0,0,0,0,0,0,1,1,5,5
6130900294268439629,-6184943489809468494,0,0,银色盟约,这支高等精灵中的精锐部队拒绝让血精灵进入肯瑞托。他们联合在温蕾萨·风行者的旗帜下，与诺森德的联盟军队并肩作战。,1094,90,1037,0,0,0,0,0,0,0,0,16,6,0,0,0,-42000,0,0,42000,-42000,0,0,0.5,0.5,7,7
0,0,0,0,Grizzly Hills Trapper,,1095,-1,0,0,0,0,0,0,0,0,0,0,0,0,0,0,0,0,0,0,0,0,0,1,1,5,5
0,0,0,0,REUSE,,1096,-1,0,0,0,0,0,0,0,0,0,0,0,0,0,0,0,0,0,0,0,0,0,1,1,5,5
-1,0,0,0,巫妖王之怒,,1097,89,0,2,0,0,0,0,0,0,0,12,0,0,0,0,0,0,0,0,0,0,0,0,0,5,5
0,0,0,0,黑锋骑士团,在脱离了巫妖王的控制之后，这些曾经效命于他的死亡骑士联合起来，在大领主达里安·莫格莱尼的领导下对抗巫妖王。,1098,91,1097,0,0,0,0,32,4063,0,0,16,16,0,0,3200,0,0,0,42000,42000,0,0,1,1,5,5
0,0,0,0,Wrathgate Scourge,,1099,-1,0,0,0,0,0,0,0,0,0,0,0,0,0,0,0,0,0,0,0,0,0,1,1,5,5
0,0,0,0,Wrathgate Alliance,,1100,-1,0,0,0,0,0,0,0,0,0,0,0,0,0,0,0,0,0,0,0,0,0,1,1,5,5
0,0,0,0,Wrathgate Horde,,1101,-1,0,0,0,0,0,0,0,0,0,0,0,0,0,0,0,0,0,0,0,0,0,1,1,5,5
0,0,0,0,CTF - Flag - Horde,,1102,-1,0,0,0,0,0,0,0,0,0,0,0,0,0,0,0,0,0,0,0,0,0,1,1,5,5
0,0,0,0,CTF - Flag - Neutral,,1103,-1,0,0,0,0,0,0,0,0,0,0,0,0,0,0,0,0,0,0,0,0,0,1,1,5,5
-1,0,0,0,狂心氏族,这群凶猛的狼獾人被天灾军团追杀，偶然来到了索拉查盆地，遂决定在此安家。由于极富攻击性，他们与被称为神谕者的鳄鱼人部族成水火之势。,1104,92,1117,0,0,0,0,0,0,0,0,16,0,0,0,0,0,0,0,42000,0,0,0,-2.2,1,7,7
-1,0,0,0,神谕者,索拉查盆地的鳄鱼人将自己视为该区域中存留的泰坦科技的守护者（虽然他们基本不了解这种科技）。目前他们正在与狼獾人进行着不断激化的领土战争。,1105,93,1117,0,0,0,0,0,0,0,0,16,0,0,0,0,0,0,0,42000,0,0,0,-2.2,1,7,7
-1,0,0,0,银色北伐军,提里奥·弗丁领导的银色北伐军是由白银之手骑士团和银色黎明重组而成的，他们的目标是击溃巫妖王的军队。,1106,94,1097,0,0,0,0,0,0,0,0,16,0,0,0,0,0,0,0,42000,0,0,0,0,0,5,5
0,0,0,0,"Troll, Drakkari",,1107,-1,0,0,0,0,0,0,0,0,0,0,0,0,0,0,0,0,0,0,0,0,0,1,1,5,5
0,0,0,0,CoT Arthas,,1108,-1,0,0,0,0,0,0,0,0,0,0,0,0,0,0,0,0,0,0,0,0,0,1,1,5,5
0,0,0,0,CoT Stratholme Citizen,,1109,-1,0,0,0,0,0,0,0,0,0,0,0,0,0,0,0,0,0,0,0,0,0,1,1,5,5
0,0,0,0,CoT Scourge,,1110,-1,0,0,0,0,0,0,0,0,0,0,0,0,0,0,0,0,0,0,0,0,0,1,1,5,5
0,0,0,0,弗蕾亚,,1111,-1,0,0,0,0,0,0,0,0,0,0,0,0,0,0,0,0,0,0,0,0,0,1,1,5,5
0,0,0,0,Mount - Taxi - Alliance,,1112,-1,0,0,0,0,0,0,0,0,0,0,0,0,0,0,0,0,0,0,0,0,0,1,1,5,5
0,0,0,0,Mount - Taxi - Horde,,1113,-1,0,0,0,0,0,0,0,0,0,0,0,0,0,0,0,0,0,0,0,0,0,1,1,5,5
0,0,0,0,Mount - Taxi - Neutral,,1114,-1,0,0,0,0,0,0,0,0,0,0,0,0,0,0,0,0,0,0,0,0,0,1,1,5,5
0,0,0,0,"Elemental, Water",,1115,-1,0,0,0,0,0,0,0,0,0,0,0,0,0,0,0,0,0,0,0,0,0,1,1,5,5
0,0,0,0,"Elemental, Air",,1116,-1,0,0,0,0,0,0,0,0,0,0,0,0,0,0,0,0,0,0,0,0,0,1,1,5,5
-1,0,0,0,索拉查盆地,,1117,95,1097,0,0,0,0,0,0,0,0,12,0,0,0,0,0,0,0,42000,0,0,0,0,0,5,5
-1,0,0,0,经典旧世,,1118,96,0,0,0,0,0,0,0,0,0,12,0,0,0,0,0,0,0,0,0,0,0,0,0,5,5
-1,0,0,0,霍迪尔之子,这支风暴峭壁的冰霜巨人部族非常好战，他们定居在丹尼芬雷。,1119,97,1097,0,0,0,0,0,0,0,0,0,0,0,0,-42000,0,0,0,42000,0,0,0,0,0,5,5
0,0,0,0,铁巨人,,1120,-1,0,0,0,0,0,0,0,0,0,0,0,0,0,0,0,0,0,0,0,0,0,1,1,5,5
0,0,0,0,冰霜维库人,,1121,-1,0,0,0,0,0,0,0,0,0,0,0,0,0,0,0,0,0,0,0,0,0,1,1,5,5
0,0,0,0,土灵,,1122,-1,0,0,0,0,0,0,0,0,0,0,0,0,0,0,0,0,0,0,0,0,0,1,1,5,5
0,0,0,0,Monster Referee,,1123,-1,0,0,0,0,0,0,0,0,0,0,0,0,0,0,0,0,0,0,0,0,0,1,1,5,5
-6184943489809468494,6130900294268439629,0,0,夺日者,在大法师艾萨斯·夺日者的努力下，一贯被达拉然据之门外的部落也获准进入这座城市。他的追随者保卫着以他的名字命名的夺日者圣殿。,1124,98,1052,0,0,0,0,0,0,0,0,16,6,0,0,0,-42000,0,0,42000,-42000,0,0,0.5,0.5,7,7
0,0,0,0,海德比武会,,1125,-1,0,0,0,0,0,0,0,0,0,0,0,0,0,0,0,0,0,0,0,0,0,1,1,5,5
6130900294268439629,-6184943489809468494,0,0,霜脉矮人,这个神秘的冰霜矮人种族定居在风暴峭壁。他们最近与探险者协会成为了朋友，并且欢迎联盟的成员造访他们的家园。,1126,99,1037,0,0,0,0,0,0,0,0,16,0,0,0,0,-42000,0,0,42000,-42000,0,0,0.5,0.5,7,7
0,0,0,0,暮光之锤,,1128,-1,0,0,0,0,0,0,0,0,0,0,0,0,0,0,0,0,0,0,0,0,0,1,1,5,5
0,0,0,0,黑木熊怪,,1129,-1,0,0,0,0,0,0,0,0,0,0,0,0,0,0,0,0,0,0,0,0,0,1,1,5,5
0,0,0,0,黑海岸雄鹿,,1130,-1,0,0,0,0,0,0,0,0,0,0,0,0,0,0,0,0,0,0,0,0,0,1,1,5,5
0,0,0,0,黑海岸巨熊,,1131,-1,0,0,0,0,0,0,0,0,0,0,0,0,0,0,0,0,0,0,0,0,0,1,1,5,5
0,0,0,0,黑海岸月夜猛虎,,1132,-1,0,0,0,0,0,0,0,0,0,0,0,0,0,0,0,0,0,0,0,0,0,1,1,5,5
-6184943489809468494,6130900294268439629,0,0,锈水财阀,由无情的贸易巨子加里维克斯控制的锈水财阀是科赞岛上最强大的贸易公司。他们的总部坐落在锈水码头，整片南海的贸易都被他们所掌控。,1133,105,67,0,0,0,0,0,0,0,0,273,6,0,0,3100,-42000,0,0,42000,-42000,0,0,1,0.25,4,7
2969586765,-6184943489809468494,2097152,0,吉尔尼斯,吉尔尼斯是一个幸存者的国度。当他们最后的人性也被剥去后，吉尔尼斯面临着来自内部的全新威胁。,1134,106,469,0,0,0,0,0,0,0,0,273,6,17,0,0,-42000,3000,0,42000,-42000,42000,0,1,0.25,4,7
-1,0,0,0,大地之环,艾泽拉斯最强大的萨满祭司都聚集到了一起，期望能够维持这个世界各股元素力量之间的平衡。在这场大灾变中，他们正竭力修复死亡之翼的来临对世界造成的伤害。,1135,110,1162,0,0,0,0,0,0,0,0,16,0,0,0,0,0,0,0,42000,0,0,0,0,0,5,5
-1,0,0,0,塔奎林声望转换,,1136,100,0,0,0,0,0,0,0,0,0,4,0,0,0,0,0,0,0,42000,0,0,0,0,0,0,0
-1,0,0,0,霜刃豹声望转换,,1137,101,0,0,0,0,0,3583,0,0,0,4,0,0,0,0,0,0,0,42000,0,0,0,0,0,0,0
0,0,0,0,大灾变，新的中立声望,,1138,-1,0,0,0,0,0,0,0,0,0,0,0,0,0,0,0,0,0,0,0,0,0,1,1,0,0
0,0,0,0,玛格拉姆遗族,,1142,-1,0,0,0,0,0,0,0,0,0,0,0,0,0,0,0,0,0,0,0,0,0,0,0,0,0
0,0,0,0,吉尔吉斯之子,,1143,-1,0,0,0,0,0,0,0,0,0,0,0,0,0,0,0,0,0,0,0,0,0,0,0,0,0
0,0,0,0,REUSE,,1144,-1,0,0,0,0,0,0,0,0,0,0,0,0,0,0,0,0,0,0,0,0,0,0,0,0,0
0,0,0,0,憎世者,,1145,-1,0,0,0,0,0,0,0,0,0,0,0,0,0,0,0,0,0,0,0,0,0,0,0,0,0
0,0,0,0,地精（玩家）,,1152,-1,0,0,0,0,0,0,0,0,0,0,0,0,0,0,0,0,0,0,0,0,0,1,1,5,5
0,0,0,0,狼人（玩家）,,1153,-1,0,0,0,0,0,0,0,0,0,0,0,0,0,0,0,0,0,0,0,0,0,1,1,5,5
-1,0,0,0,银色盟约声望转换,,1154,102,0,0,0,0,0,0,0,0,0,4,0,0,0,0,0,0,0,42000,0,0,0,0,0,0,0
-1,0,0,0,夺日者声望转换,,1155,103,0,0,0,0,0,0,0,0,0,4,0,0,0,0,0,0,0,42000,0,0,0,0,0,0,0
-1,0,0,0,灰烬审判军,在提里奥·弗丁与达里安·莫格莱尼的共同协议下，银色北伐军与黑锋骑士团决定暂时放下分歧、统一战线，合力攻入冰冠堡垒，击败巫妖王。,1156,104,1097,0,0,0,0,0,0,0,0,16,0,0,0,0,0,0,0,42000,0,0,0,0,0,0,0
0,0,0,0,俾格米人,,1157,-1,0,0,0,0,0,0,0,0,0,0,0,0,0,0,0,0,0,0,0,0,0,0,0,0,0
-1,0,0,0,海加尔守护者,圣山海加尔面临着毁灭的威胁，塞纳里奥议会集结了最强大的成员，与他们的翡翠绿龙盟友一同抵御着拉格纳罗斯和暮光之锤的入侵。,1158,113,1162,0,0,0,0,0,0,0,0,16,0,0,0,0,0,0,0,42000,0,0,0,0,0,0,0
0,0,0,0,CTF - Flag - Alliance 2,,1159,-1,0,0,0,0,0,0,0,0,0,0,0,0,0,0,0,0,0,0,0,0,0,1,1,5,5
0,0,0,0,CTF - Flag - Horde 2,,1160,-1,0,0,0,0,0,0,0,0,0,0,0,0,0,0,0,0,0,0,0,0,0,1,1,5,5
0,0,0,0,恐怖图腾,,1161,-1,0,0,0,0,0,0,0,0,0,0,0,0,0,0,0,0,0,0,0,0,0,0,0,0,0
-1,0,0,0,大地的裂变,,1162,111,0,3,0,0,0,0,0,0,0,8,0,0,0,0,0,0,0,0,0,0,0,0,0,0,0
-1,0,0,0,公会,公会声望代表了你在公会中的个人地位，购买公会奖励时需要达到与之对应的声望。公会声望会在你获得公会经验值时自动获得。,1168,114,1169,0,0,2,0,0,0,0,0,528,0,0,0,0,0,0,0,42000,0,0,0,0,0,0,0
-1,0,0,0,公会,,1169,115,0,0,0,0,0,0,0,0,0,28,0,0,0,0,0,0,0,0,0,0,0,0,0,0,0
-1,0,0,0,塞拉赞恩,塞拉赞恩和她的石领主子嗣们统治着土元素位面深岩之洲。在见证了死亡之翼及其追随者对她的国度造成的伤害后，塞拉赞恩对所有外来者都充满了敌意。,1171,116,1162,0,0,0,0,0,0,0,0,64,0,0,0,-42000,0,0,0,42000,0,0,0,0,0,0,0
-6184943489809468494,6130900294268439629,0,0,龙喉氏族,这支狂放不羁的兽人氏族曾经在死亡之翼的授意下奴役了红龙军团和红龙女王阿莱克丝塔萨。如今龙喉氏族的数量和实力都已不如往昔，他们在暮光高地上建立了家园。,1172,117,1162,0,0,0,0,0,0,0,0,16,0,0,0,0,-42000,0,0,42000,-42000,0,0,0,0,0,0
-1,0,0,0,拉穆卡恒,拉穆卡恒的猫形子民是奥丹姆守护者托维尔一族的后裔。尽管他们失去了石头的身体，但保护泰坦秘密的使命仍然留在了他们一成不变的传统中。,1173,118,1162,0,0,0,0,0,0,0,0,16,0,0,0,0,0,0,0,42000,0,0,0,0,0,0,0
6130900294268439629,-6184943489809468494,0,0,蛮锤部族,蛮锤部族以他们近乎鲁莽的勇气和出类拔萃的狮鹫骑战技艺而闻名。因为黑铁矮人的诅咒，他们失去了在格瑞姆巴托的家园。在那之后，蛮锤矮人们分散地定居在暮光高地上。,1174,119,1162,0,0,0,0,0,0,0,0,16,4,0,0,0,-42000,0,0,42000,-42000,0,0,0,0,0,0
6130900294268439629,-6184943489809468494,0,0,巴拉丁典狱官,这支曾经由雷吉纳德·巴拉丁二世公爵率领的精锐之师和海岛要塞托尔巴拉德有着深厚的历史渊源。他们加入了联盟军队，旨在击退部落入侵者并捍卫这座极具战略意义的岛屿。,1177,122,1162,0,0,0,0,0,0,0,0,0,6,0,0,0,-42000,0,0,42000,-42000,0,0,0,0,0,0
6130900294268439629,-6184943489809468494,0,0,地狱咆哮近卫军,地狱咆哮近卫军是部落的一支精英部队，由最骁勇善战的老兵编制而成。加尔鲁什亲自选拔了这些战士，并命令他们夺取托尔巴拉德。只许成功，不许失败。,1178,123,1162,0,0,0,0,0,0,0,0,6,16,0,0,-42000,0,0,0,-42000,42000,0,0,0,0,0,0
0,0,0,0,软泥怪,,1179,-1,0,0,0,0,0,0,0,0,0,0,0,0,0,0,0,0,0,0,0,0,0,1,1,5,5
0,0,0,0,友善，新,,1181,-1,0,0,0,0,0,0,0,0,0,0,0,0,0,0,0,0,0,0,0,0,0,1,1,0,0
0,0,0,0,K3,,1189,-1,0,0,0,0,0,0,0,0,0,0,0,0,0,0,0,0,0,0,0,0,0,1,1,5,5
-1,0,0,0,海加尔复仇者,火元素领主带来的毁灭激怒了塞纳里奥议会。他们主动出击，直捣拉格纳罗斯在火焰之地的巢穴。,1204,127,1162,0,0,0,0,0,0,0,0,16,0,0,0,0,0,0,0,42000,0,0,0,0,0,0,0
58720256,0,0,0,尚喜武院,备受尊重的尚喜大师教导过无数渴望冒险的熊猫人英雄，尚喜武院的历史也可以追溯至三代人之前。,1216,131,1245,0,0,0,0,0,0,0,0,81,0,0,0,3000,0,0,0,42000,0,0,0,0,0,0,0
-6184943489809468494,6130900294268439629,0,0,森林猢狲,一支活泼、暴躁而短命的猴族。,1228,144,1245,0,0,0,0,0,0,0,0,2,2,0,0,-42000,-42000,0,0,42000,-42000,0,0,0,0,5,5
0,0,0,0,CoT Well of Eternity - Illidan,,1233,-1,0,0,0,0,0,0,0,0,0,0,0,0,0,0,0,0,0,0,0,0,0,1,1,0,0
0,0,0,0,CoT Well of Eternity - High Elves,,1234,-1,0,0,0,0,0,0,0,0,0,0,0,0,0,0,0,0,0,0,0,0,0,1,1,0,0
0,0,0,0,CoT Well of Eternity - Illidan (Stealth),,1235,-1,0,0,0,0,0,0,0,0,0,0,0,0,0,0,0,0,0,0,0,0,0,1,1,0,0
0,0,0,0,CoT Well of Eternity - Demons,,1237,-1,0,0,0,0,0,0,0,0,0,0,0,0,0,0,0,0,0,0,0,0,0,1,1,0,0
0,0,0,0,CoT Well of Eternity - Demon Balls,,1240,-1,0,0,0,0,0,0,0,0,0,0,0,0,0,0,0,0,0,0,0,0,0,0,0,0,0
0,0,0,0,CoT Well of Eternity - Hunter Stalkers,,1241,-1,0,0,0,0,0,0,0,0,0,0,0,0,0,0,0,0,0,0,0,0,0,1,1,0,0
6130900294268439629,-6184943489809468494,0,0,珠鳍锦鱼人,一支内敛而守序的鱼形人种族。,1242,143,1245,0,0,0,0,4095,0,0,0,16,2,0,0,0,-42000,0,0,42000,-42000,0,0,0,0,0,0
-6184943489809468494,0,0,0,猢狲,高贵而活泼，以原始部落方式生存的猴族。,1243,-1,1245,0,0,0,0,2047,0,0,0,2,0,0,0,-42000,0,0,0,42000,0,0,0,0,0,0,0
-1,0,0,0,熊猫人之谜,,1245,145,0,4,0,0,0,0,0,0,0,8,0,0,0,0,0,0,0,0,0,0,0,0,0,0,0
0,0,0,0,玩家，资料片4中立,,1249,-1,0,0,0,0,0,0,0,0,0,0,0,0,0,0,0,0,0,0,0,0,0,1,1,5,5
0,0,0,0,煞,这片土地的邪恶之魂。,1252,-1,0,0,0,0,0,0,0,0,0,0,0,0,0,0,0,0,0,0,0,0,0,0,0,0,0
0,0,0,0,东方之寺的守护者,,1253,-1,0,0,0,0,0,0,0,0,0,0,0,0,0,0,0,0,0,0,0,0,0,0,0,0,0
0,0,0,0,辛德拉,一群居住在厄运之槌的精灵后裔，他们仍然具有着相当渊博的智慧与学识，并保守着一些伟大的秘密。,1265,-1,1118,0,0,0,0,0,0,0,0,0,0,0,0,0,0,0,0,0,0,0,0,1,1,5,5
0,0,0,0,魔古族,魔古族曾是古代潘达利亚的统治者。如今他们仇视所有篡夺这片土地的下等种族，特别是那些自命不凡的熊猫人。,1268,-1,1245,0,0,0,0,0,0,0,0,0,0,0,0,0,0,0,0,0,0,0,0,1,1,0,0
-1,0,0,0,金莲教,这支神秘的熊猫人教派意图一劳永逸地解决魔古族带来的麻烦。,1269,167,1245,0,0,1,0,0,0,0,0,16,0,0,0,0,0,0,0,42000,0,0,0,0,0,0,0
-1,0,0,0,影踪派,这个神秘莫测的熊猫人门派守护着潘达利亚的天神寺庙。,1270,182,1245,0,0,1,0,0,0,0,0,16,0,0,0,0,0,0,0,42000,0,0,0,0,0,0,0
-1,0,0,0,云端翔龙骑士团,东方之寺的守护者,1271,154,1245,0,0,1,0,4095,0,0,0,16,0,0,0,3000,0,0,0,42000,0,0,0,0,0,0,0
-1,0,0,0,阡陌客,阡陌客是一个由热爱和平与劳作的熊猫人结成的农业组织。他们终日辛勤耕作，只为满足熊猫人一族对美食的终极追求。,1272,171,1245,0,0,1,0,4095,0,0,0,152,0,0,0,0,0,0,0,42000,0,0,0,0,0,0,0
-1,0,0,0,醉鬼贾古,贾古很容易找到——只要去看看风暴烈酒酿造厂出品的最廉价的酒桶底部就行了。,1273,156,1272,0,21,0,0,0,0,0,0,16,0,0,0,0,0,0,0,42000,0,0,0,0,0,0,0
-1,0,0,0,艾拉,艾拉渴望成为一名伟大的酒仙，但她还有很多路要走！,1275,158,1272,0,17,0,0,0,0,0,0,16,0,0,0,0,0,0,0,42000,0,0,0,0,0,0,0
-1,0,0,0,老农山掌,老农山掌是四邻八乡最有经验的养鸡专业户。,1276,159,1272,0,22,0,0,0,0,0,0,16,0,0,0,0,0,0,0,42000,0,0,0,0,0,0,0
-1,0,0,0,吱吱,如果你有关于绵羊的问题，吱吱一定能帮你解答。,1277,160,1272,0,16,0,0,0,0,0,0,16,0,0,0,0,0,0,0,42000,0,0,0,0,0,0,0
-1,0,0,0,阿烁,作为一个壮实、自豪的农场保卫者，阿烁总会在你需要一个强壮的打手时出现。,1278,161,1272,0,23,0,0,0,0,0,0,16,0,0,0,0,0,0,0,42000,0,0,0,0,0,0,0
-1,0,0,0,郝瀚·泥爪,作为阡陌客的可敬领袖，郝瀚·泥爪责任重大。,1279,162,1272,0,20,0,0,0,0,0,0,16,0,0,0,0,0,0,0,42000,0,0,0,0,0,0,0
-1,0,0,0,迪娜·泥爪,迪娜·泥爪最喜欢生活中那些精美的物品。,1280,163,1272,0,24,0,0,0,0,0,0,16,0,0,0,0,0,0,0,42000,0,0,0,0,0,0,0
-1,0,0,0,吉娜·泥爪,经营半山市集使吉娜·泥爪变成了一位强势的女性！,1281,164,1272,0,19,0,0,0,0,0,0,16,0,0,0,0,0,0,0,42000,0,0,0,0,0,0,0
-1,0,0,0,玉儿·采苇,相比其他健忘的镇民，玉儿·采苇更了解这片土地的历史。,1282,165,1272,0,18,0,0,0,0,0,0,16,0,0,0,0,0,0,0,42000,0,0,0,0,0,0,0
-1,0,0,0,农夫老方,农夫老方家种的蔬菜可是汇风岭一绝！,1283,166,1272,0,2,0,0,0,0,0,0,16,0,0,0,0,0,0,0,42000,0,0,0,0,0,0,0
0,0,0,0,朱鹤守护者,,1286,-1,0,0,0,0,0,0,0,0,0,0,0,0,0,0,0,0,0,0,0,0,0,0,0,0,0
-1,0,0,0,垂钓翁,授人以鱼不如授人以渔，这群名为垂钓翁的熊猫人不光想着填饱族人的肚子，还希望能够提高自己的钓鱼本领。,1302,172,1245,0,0,1,0,0,0,0,0,152,0,0,0,0,0,0,0,42000,0,0,0,0,0,0,0
0,0,0,0,螳螂妖虫群,横扫螳螂高原和恐惧废土的恐怖掠食虫群，所过之处无不是一片狼藉。,1336,-1,1245,0,0,0,0,0,0,0,0,0,0,0,0,0,0,0,0,0,0,0,0,1,1,0,0
-1,0,0,0,卡拉克西,令整支螳螂妖虫群发疯的堕落之源并没有影响到这些螳螂妖长者。他们希望与潘达利亚的其他种族合作，从而找到令族群和女皇恢复如初的方法。,1337,181,1245,0,0,1,0,0,0,0,0,16,0,0,0,0,0,0,0,42000,0,0,0,0,0,0,0
0,0,0,0,格尔桑魔古氏族,,1338,-1,0,0,0,0,0,0,0,0,0,0,0,0,0,0,0,0,0,0,0,0,0,0,0,0,0
0,0,0,0,哈飒克魔古氏族,,1339,-1,0,0,0,0,0,0,0,0,0,0,0,0,0,0,0,0,0,0,0,0,0,0,0,0,0
0,0,0,0,卡尔格魔古氏族,,1340,-1,0,0,0,0,0,0,0,0,0,0,0,0,0,0,0,0,0,0,0,0,0,0,0,0,0
-1,0,0,0,至尊天神,勇敢的熊猫人为了保卫潘达利亚的四方神寺而与邪恶的煞战斗。,1341,183,1245,0,0,1,0,0,0,0,0,16,0,0,0,0,0,0,0,42000,0,0,0,0,0,0,0
-1,0,0,0,游学者,作为潘达利亚秘密的守护者，这些勇敢的学者周游大陆，希望能以史为鉴，继往开来。,1345,184,1245,0,0,1,0,0,0,0,0,16,0,0,0,0,0,0,0,42000,0,0,0,0,0,0,0
-1,0,0,0,酒仙会,这些高贵的熊猫人守护着世代相传的酿酒秘诀，为了酿造出烈性美酒而甘冒奇险。,1351,186,1245,0,0,1,0,0,0,0,0,0,0,0,0,0,0,0,0,42000,0,0,0,0,0,0,0
-6184943489809468494,6130900294268439629,0,0,火金派熊猫人,勇敢无畏的季·火掌领导着火金派熊猫人。他们风风火火，敢作敢为，为贯彻自己的信念而战。,1352,187,67,0,0,0,0,0,0,0,0,273,6,0,0,3100,-42000,0,0,42000,-42000,0,0,1,0.25,4,7
2969586765,-6184943489809468494,2097152,0,土水派熊猫人,沉静稳重的艾莎·云歌领导着土水派熊猫人。他们深思熟虑，三思而行，一切行动都遵循理性。,1353,188,469,0,0,0,0,0,0,0,0,273,6,17,0,3100,-42000,3000,0,42000,-42000,42000,0,1,0.25,4,7
-1,0,0,0,Nomi,5.0 Cooking - This is a hidden faction used to level up Nomi.,1357,191,0,0,25,0,0,0,0,0,0,4,0,0,0,0,0,0,0,42000,0,0,0,0,0,0,0
-1,0,0,0,纳特·帕格,纳特是全世界最负盛名的钓鱼大师与美酒爱好者，在他暴躁易怒的外表下藏着一颗好为人师的心。,1358,192,1302,0,26,0,0,0,0,0,0,16,0,0,0,0,0,0,0,42000,0,0,0,0,0,0,0
-1,0,0,0,黑王子,黑王子拉希奥是黑龙族群的最后一员。传说他对忠诚效命者的报酬十分丰厚。,1359,193,1245,0,0,0,0,4095,0,0,0,16,0,0,0,2800,0,0,0,42000,0,0,0,0,0,0,0
0,0,0,0,"Friendly, Force Reaction 2",,1364,-1,0,0,0,0,0,0,0,0,0,0,0,0,0,0,0,0,0,0,0,0,0,1,1,5,5
0,0,0,0,"Friendly, Force Reaction 3",,1366,-1,0,0,0,0,0,0,0,0,0,0,0,0,0,0,0,0,0,0,0,0,0,1,1,5,5
0,0,0,0,"Friendly, Force Reaction 4",,1367,-1,0,0,0,0,0,0,0,0,0,0,0,0,0,0,0,0,0,0,0,0,0,1,1,5,5
0,0,0,0,"Friendly, Force Reaction 5",,1368,-1,0,0,0,0,0,0,0,0,0,0,0,0,0,0,0,0,0,0,0,0,0,1,1,5,5
0,0,0,0,"Friendly, Force Reaction 6",,1369,-1,0,0,0,0,0,0,0,0,0,0,0,0,0,0,0,0,0,0,0,0,0,1,1,5,5
0,0,0,0,"Friendly, Force Reaction 7",,1370,-1,0,0,0,0,0,0,0,0,0,0,0,0,0,0,0,0,0,0,0,0,0,1,1,5,5
0,0,0,0,坡东村,,1371,-1,0,0,0,0,0,0,0,0,0,0,0,0,0,0,0,0,0,0,0,0,0,0,0,0,0
0,0,0,0,蜜露村,,1372,-1,0,0,0,0,0,0,0,0,0,0,0,0,0,0,0,0,0,0,0,0,0,0,0,0,0
-6184943489809468494,0,0,0,搏击竞技场（第1赛季）,在潘达利亚战役期间，部落搏击俱乐部的第一赛季拉开了帷幕。,1374,197,892,0,171,0,0,0,0,0,0,16,0,0,0,0,0,0,0,9000,0,0,0,0,0,0,0
-6184943489809468494,6130900294268439629,0,0,统御先锋军,潘达利亚的部落部队，驻扎在卡桑琅丛林的统御岗哨。,1375,198,1245,0,0,1,0,0,0,0,0,144,2,0,0,0,-42000,0,0,42000,-42000,0,0,0,0,0,0
6130900294268439629,-6184943489809468494,0,0,神盾守备军,潘达利亚的联盟部队，驻扎在卡桑琅丛林的雄狮港。,1376,199,1245,0,0,1,0,0,0,0,0,144,2,0,0,0,-42000,0,0,42000,-42000,0,0,0,0,0,0
6130900294268439629,-6184943489809468494,0,0,肯瑞托远征军,被吉安娜的怒火点燃，肯瑞托远征军誓要夺取雷神岛，捍卫联盟的荣耀！,1387,207,1245,0,0,1,0,0,0,0,0,144,2,0,0,3000,-42000,0,0,42000,-42000,0,0,0,0,0,0
-6184943489809468494,6130900294268439629,0,0,夺日者先锋军,被赶离达拉然后，夺日者先锋军致力于在雷神岛的废墟间寻找强大的魔古族神器，万一部落分崩离析，好将未来掌握在自己手中。,1388,208,1245,0,0,1,0,0,0,0,0,144,2,0,0,3000,-42000,0,0,42000,-42000,0,0,0,0,0,0
-1,0,0,0,阿卡玛的信任,在见证了伊利丹的堕落后，阿卡玛对术士充满了猜忌。而大灾变之后，术士们又对黑暗神殿展开了入侵。,1416,221,1245,4,0,0,0,4095,0,0,0,0,0,0,0,500,0,0,0,1000,0,0,0,1,1,0,0
6130900294268439629,0,0,0,比兹莫搏击俱乐部（第1赛季）,在潘达利亚战役期间，联盟搏击俱乐部的第一赛季拉开了帷幕。,1419,220,891,0,172,0,0,0,0,0,0,16,0,0,0,0,0,0,0,9000,0,0,0,0,0,0,0
-1,0,0,0,"Monster, Enforced Neutral For Force Reaction",,1433,227,0,0,0,0,0,4095,0,0,0,20,0,0,0,100,0,0,0,100,0,0,0,0,0,0,0
-1,0,0,0,影踪突袭营,这些勇敢的影踪派成员们深入雷电王座，全力以赴遏制暗藏其中的邪恶势力，也为自己千百年来饱受雷电之王奴役的遭遇伸张正义。,1435,228,1245,0,0,0,0,4095,0,0,0,16,0,0,0,0,0,0,0,42000,0,0,0,0,0,0,0
-1,0,0,0,暗矛起义军,沃金已经公开宣布反抗加尔鲁什·地狱咆哮。在部落和联盟军队的帮助下，他正在收集资源，准备对奥格瑞玛发动总攻。,1440,229,1245,0,72,0,0,0,0,0,0,16,0,0,0,0,0,0,0,10000,0,0,0,0,0,0,0
0,0,0,0,库卡隆,,1443,-1,0,0,0,0,0,0,0,0,0,0,0,0,0,0,0,0,0,0,0,0,0,0,0,0,0
-1,0,0,0,德拉诺之王,,1444,230,0,5,0,0,0,0,0,0,0,24,0,0,0,0,0,0,0,0,0,0,0,0,0,0,0
-6184943489809468494,6130900294268439629,0,0,霜狼兽人,霜火岭的霜狼兽人是一群紧密团结在一起的凶猛战士。他们能很好地适应德拉诺残酷的环境。,1445,231,1444,0,0,0,0,0,0,0,0,16,2,0,0,3000,-42000,0,0,42000,-42000,0,0,0,0,0,0
0,0,0,0,暗矛巨魔,,1447,-1,0,0,0,0,0,0,0,0,0,0,0,0,0,0,0,0,0,0,0,0,0,0,0,0,0
0,0,0,0,蕨人,,1457,-1,0,0,0,0,0,0,0,0,0,0,0,0,0,0,0,0,0,0,0,0,0,1,1,5,5
0,0,0,0,食蕨人,,1483,-1,0,0,0,0,0,0,0,0,0,0,0,0,0,0,0,0,0,0,0,0,0,1,1,5,5
0,0,0,0,时光旅行者,时光旅行者保卫着时间流，不让那些因青铜龙军团的覆灭而蠢蠢欲动的人有机可乘；他们主要由冒险者和学者组成，大多是原时光守护者的成员。,1491,-1,0,0,0,0,0,0,0,0,0,0,0,0,0,0,0,0,0,0,0,0,0,0,0,0,0
-1,0,0,0,皇帝少昊,少昊是逝去已久的熊猫人皇帝，是一位值得敬重的人物。,1492,241,1245,0,0,0,0,4095,0,0,0,16,0,0,0,0,0,0,0,42000,0,0,0,0,0,0,0
0,0,0,0,霜火食人魔,霜火食人魔没什么爱好，就是喜欢吵架。,1496,-1,1444,0,0,0,0,0,0,0,0,0,0,0,0,0,0,0,0,0,0,0,0,1,1,0,0
0,0,0,0,血红幽灵,你被斡耳朵的力量腐蚀了。被怒火冲昏头脑的你将对盟友和敌人进行无差别攻击。,1500,-1,0,0,0,0,0,0,0,0,0,0,0,0,0,0,0,0,0,0,0,0,0,0,0,0,0
0,0,0,0,影月兽人,,1508,-1,0,0,0,0,0,0,0,0,0,0,0,0,0,0,0,0,0,0,0,0,0,0,0,0,0
0,0,0,0,白鬼,,1509,-1,0,0,0,0,0,0,0,0,0,0,0,0,0,0,0,0,0,0,0,0,0,0,0,0,0
0,0,0,0,鲁克玛信徒,作为恐怖之神鲁克玛的崇拜者，这些邪恶的暴徒试图用敌人的鲜血染红这个世界。,1514,-1,0,0,0,0,0,0,0,0,0,0,0,0,0,0,0,0,0,0,0,0,0,1,1,0,0
-1,0,0,0,鸦人流亡者,在黑暗中挣扎的鸦人流亡者在苦苦追寻着光明的未来。,1515,247,1444,0,0,0,0,0,0,0,0,16,0,0,0,0,0,0,0,42000,0,0,0,0,0,0,0
0,0,0,0,影月流亡者,,1520,205,1444,0,0,0,0,0,0,0,0,20,0,0,0,0,0,0,0,0,0,0,0,1,1,0,0
0,0,0,0,暗影议会,,1521,-1,0,0,0,0,0,0,0,0,0,0,0,0,0,0,0,0,0,0,0,0,0,0,0,0,0
0,0,0,0,德莱尼，德拉诺,,1591,-1,0,0,0,0,0,0,0,0,0,0,0,0,0,0,0,0,0,0,0,0,0,0,0,0,0
0,0,0,0,原兽,,1617,-1,0,0,0,0,0,0,0,0,0,0,0,0,0,0,0,0,0,0,0,0,0,0,0,0,0
0,0,0,0,毁灭者,,1618,-1,0,0,0,0,0,0,0,0,0,0,0,0,0,0,0,0,0,0,0,0,0,0,0,0,0
0,0,0,0,钢铁部落,由德拉诺的众多兽人氏族勉强联合而成的脆弱联盟，由格罗玛什·地狱咆哮领导。,1623,-1,1245,0,0,0,0,0,0,0,0,0,0,0,0,0,0,0,0,0,0,0,0,1,1,0,0
0,0,0,0,萨格雷,一群扭曲并效忠暗影议会的德莱尼，为了追求力量牺牲了许多东西。,1665,-1,0,0,0,0,0,0,0,0,0,0,0,0,0,0,0,0,0,0,0,0,0,0,0,0,0
0,0,0,0,德拉诺孢子,,1674,-1,0,0,0,0,0,0,0,0,0,0,0,0,0,0,0,0,0,0,0,0,0,0,0,0,0
0,0,0,0,阿德瓦克讨伐军,,1679,251,1444,0,0,0,0,0,0,0,0,4,0,0,0,0,0,0,0,10000,0,0,0,0,0,0,0
0,0,0,0,悬槌堡,悬槌食人魔喜欢穿宽外袍，观看角斗士比赛。,1680,-1,1444,0,0,0,0,0,0,0,0,0,0,0,0,0,0,0,0,0,0,0,0,1,1,0,0
-6184943489809468494,6130900294268439629,0,0,沃金之矛,部落在阿什兰的部队，驻扎在战争之矛。,1681,252,892,0,0,0,0,0,0,0,0,16,18,0,0,0,-42000,0,0,42000,-42000,0,0,0,0,0,0
6130900294268439629,-6184943489809468494,0,0,乌瑞恩先锋军,联盟在阿什兰的部队，驻扎在暴风之盾。,1682,253,891,0,0,0,0,0,0,0,0,16,18,0,0,0,-42000,0,0,42000,-42000,0,0,0,0,0,0
0,0,0,0,戈尔隆德鬣蜥人,,1687,-1,0,0,0,0,0,0,0,0,0,0,0,0,0,0,0,0,0,0,0,0,0,0,0,0,0
-6184943489809468494,0,0,0,搏击竞技场（第2赛季）,德拉诺战役期间的部落搏击俱乐部第二赛季活动。,1690,136,892,0,212,0,0,0,0,0,0,16,0,0,0,0,0,0,0,7000,0,0,0,1,1,0,0
6130900294268439629,0,0,0,比兹莫搏击俱乐部（第2赛季）,德拉诺战役期间的联盟搏击俱乐部第二赛季活动。,1691,135,891,0,210,0,0,0,0,0,0,16,0,0,0,0,0,0,0,7000,0,0,0,1,1,0,0
-6184943489809468494,6130900294268439629,0,0,嘲颅兽人,嘲颅氏族的家园位于德拉诺最蛮荒的边界。他们会对来自各方的毁灭威胁报以疯狂的癫笑。,1708,107,1444,0,0,0,0,0,0,0,0,16,2,0,0,3000,-42000,0,0,42000,-42000,0,0,0,0,0,0
6130900294268439629,-6184943489809468494,0,0,沙塔尔防御者,努力想要夺回主城的沙塔斯城防御者，但却遭到来自内部的背叛。,1710,121,1444,0,0,0,0,0,0,0,0,16,2,0,0,0,-42000,0,0,42000,-42000,0,0,0,0,0,0
-1,0,0,0,热砂保护协会,热砂保护协会的地精们致力于将珍贵的遗物从纳格兰的食人魔手中解放出来。毋庸置疑，他们必然是怀着崇高的目标——把遗物卖出最高的价钱——来做这件事的。,1711,124,1444,0,0,0,0,0,0,0,0,16,0,0,0,0,0,0,0,42000,0,0,0,0,0,5,5
-1,0,0,0,GarInvasion_IronHorde,,1712,125,1444,0,0,0,0,0,0,0,0,1028,0,0,0,0,0,0,0,42000,0,0,0,0,0,0,0
-1,0,0,0,GarInvasion_ShadowCouncil,,1713,126,1444,0,0,0,0,0,0,0,0,1028,0,0,0,0,0,0,0,42000,0,0,0,0,0,0,0
-1,0,0,0,GarInvasion_Ogres,,1714,128,1444,0,0,0,0,0,0,0,0,1028,0,0,0,0,0,0,0,42000,0,0,0,0,0,0,0
-1,0,0,0,GarInvasion_Primals,,1715,129,1444,0,0,0,0,0,0,0,0,1028,0,0,0,0,0,0,0,42000,0,0,0,0,0,0,0
-1,0,0,0,GarInvasion_Breakers,,1716,132,1444,0,0,0,0,0,0,0,0,1028,0,0,0,0,0,0,0,42000,0,0,0,0,0,0,0
-1,0,0,0,GarInvasion_ThunderLord,,1717,133,1444,0,0,0,0,0,0,0,0,1028,0,0,0,0,0,0,0,42000,0,0,0,0,0,0,0
-1,0,0,0,GarInvasion_Shadowmoon,,1718,134,1444,0,0,0,0,0,0,0,0,1028,0,0,0,0,0,0,0,42000,0,0,0,0,0,0,0
6130900294268439629,-6184943489809468494,0,0,主教议会,在五位强大的大主教率领下，德拉诺的德莱尼在这个蛮荒的世界中欣欣向荣。,1731,254,1444,0,0,0,0,0,0,0,0,16,2,0,0,3000,-42000,0,0,42000,-42000,0,0,0,0,0,0
-1,0,0,0,热砂港德拉诺探险队,德拉诺有着无限的商机和极其有限的竞争。,1732,138,1444,0,0,0,0,4095,0,0,0,4,0,0,0,0,0,0,0,0,0,0,0,1,1,0,0
6130900294268439629,0,0,0,德尔瓦·铁拳,你的私人保镖，驻扎在你的兵营里。你可以通过邀请德尔瓦一起战斗，与他建立起友谊。,1733,255,1735,0,164,0,0,0,0,0,0,16,0,0,0,0,0,0,0,20000,0,0,0,0,0,0,0
0,0,0,0,要塞保镖,驻扎在你兵营中的保镖。,1735,242,1444,0,0,0,0,0,0,0,0,0,0,0,0,0,0,0,0,0,0,0,0,0,0,0,0
-1,0,0,0,托莫克,你的私人保镖，驻扎在你的兵营里。你可以通过邀请托莫克一起战斗，与他建立起友谊。,1736,243,1735,0,160,0,0,0,0,0,0,16,0,0,0,0,0,0,0,20000,0,0,0,0,0,0,0
-1,0,0,0,鸦爪祭司伊沙尔,你的私人保镖，驻扎在你的兵营里。你可以通过邀请伊沙尔一起战斗，与他建立起友谊。,1737,244,1735,0,166,0,0,0,0,0,0,16,0,0,0,0,0,0,0,20000,0,0,0,0,0,0,0
6130900294268439629,0,0,0,防御者艾萝娜,你的私人保镖，驻扎在你的兵营里。你可以通过邀请艾萝娜一起战斗，与她建立起友谊。,1738,245,1735,0,162,0,0,0,0,0,0,16,0,0,0,0,0,0,0,20000,0,0,0,0,0,0,0
-6184943489809468494,0,0,0,薇薇安,你的私人保镖，驻扎在你的兵营里。你可以通过邀请薇薇安一起战斗，与她建立起友谊。,1739,246,1735,0,165,0,0,0,0,0,0,16,0,0,0,0,0,0,0,20000,0,0,0,0,0,0,0
-6184943489809468494,0,0,0,艾达·晨光,你的私人保镖，驻扎在你的兵营里。你可以通过邀请艾达一起战斗，与她建立起友谊。,1740,248,1735,0,163,0,0,0,0,0,0,16,0,0,0,0,0,0,0,20000,0,0,0,0,0,0,0
-1,0,0,0,利奥拉,你的私人保镖，驻扎在你的兵营里。你可以通过邀请利奥拉一起战斗，与他建立起友谊。,1741,137,1735,0,167,0,0,0,0,0,0,16,0,0,0,0,0,0,0,20000,0,0,0,0,0,0,0
0,0,0,0,纳格兰戈隆,,1746,-1,0,0,0,0,0,0,0,0,0,0,0,0,0,0,0,0,0,0,0,0,0,0,0,0,0
0,0,0,0,角斗场宝藏,,1747,-1,0,0,0,0,0,0,0,0,0,0,0,0,0,0,0,0,0,0,0,0,0,1,1,5,5
0,0,0,0,LVA_Looters,,1756,-1,0,0,0,0,0,0,0,0,0,0,0,0,0,0,0,0,0,0,0,0,0,0,0,0,0
0,0,0,0,LVA_Preservers,,1757,-1,0,0,0,0,0,0,0,0,0,0,0,0,0,0,0,0,0,0,0,0,0,0,0,0,0
0,0,0,0,LVA_Naturalists,,1758,-1,0,0,0,0,0,0,0,0,0,0,0,0,0,0,0,0,0,0,0,0,0,0,0,0,0
0,0,0,0,LVA_Machines,,1759,-1,0,0,0,0,0,0,0,0,0,0,0,0,0,0,0,0,0,0,0,0,0,0,0,0,0
0,0,0,0,悬槌角斗士,悬槌食人魔喜欢穿宽外袍，观看角斗士比赛。,1760,-1,1444,0,0,0,0,0,0,0,0,0,0,0,0,0,0,0,0,0,0,0,0,1,1,0,0
0,0,0,0,燃烧军团入侵者,来自未知之地的恶魔，有着无与伦比的力量。,1786,-1,0,0,0,0,0,0,0,0,0,0,0,0,0,0,0,0,0,0,0,0,0,0,0,0,0
-1,0,0,0,吉尔尼斯幸存者,,1815,140,1834,0,0,0,0,0,0,0,0,4,0,0,0,0,0,0,0,42000,0,0,0,0,0,0,0
4154490879,134217728,0,0,高岭部族,高岭部族的人口已经逐年减少，随着卓格巴尔的威胁加剧，他们需要寻找新的盟友来拯救他们的家园。,1828,141,1834,0,0,0,2085,0,0,0,0,16,17,0,0,0,3000,0,0,42000,42000,0,0,0,0,5,5
0,0,0,0,无冕者,如果你非要问的话，那你已经是个死人了。,1833,-1,1834,0,0,0,0,0,0,0,0,0,0,0,0,0,0,0,0,0,0,0,0,1,1,0,0
-1,0,0,0,军团再临,,1834,146,0,6,0,0,0,0,0,0,0,24,0,0,0,0,0,0,0,0,0,0,0,0,0,0,0
6130900294268439629,-6184943489809468494,0,0,先知之手,伊瑞尔集结了幸存下来的大主教们，并以维伦的名义发动了攻势。当前他们正试图在塔纳安丛林建立据点，誓要将古尔丹的阴谋彻底粉碎。,1847,147,1444,0,0,0,0,0,0,0,0,16,2,0,0,3000,-42000,0,0,42000,-42000,0,0,0,0,0,0
-6184943489809468494,6130900294268439629,0,0,沃金之锋,要想守护艾泽拉斯，就必须在德拉诺取得决定性胜利。为此，部落酋长沃金召集了麾下最最精锐的勇士在塔纳安丛林建立据点，只为打倒古尔丹等邪恶势力。,1848,148,1444,0,0,0,0,0,0,0,0,16,2,0,0,3000,-42000,0,0,42000,-42000,0,0,0,0,0,0
-1,0,0,0,觉醒教派,作为一场残酷内战的幸存者，这些四面受敌的鸦人希望找回埃匹希斯神器是帮助他们和平重建鸦人文明的关键。,1849,149,1444,0,0,0,0,0,0,0,0,16,0,0,0,0,0,0,0,42000,0,0,0,0,0,5,5
-1,0,0,0,刃牙追猎者,危机四伏的塔纳安丛林吸引来艾泽拉斯和德拉诺出类拔萃的猎手。想要击败塔纳安的野兽，你就得比他们更野。,1850,150,1444,0,0,0,0,0,0,0,0,16,0,0,0,0,0,0,0,42000,0,0,0,0,0,5,5
6130900294268439629,1241527218,67108864,0,堕夜精灵,这些被放逐的夜之子精灵由于被切断了和暗夜井的联系，饱受戒断魔瘾的痛苦。他们反对同胞与燃烧军团结盟，并为某种救赎而战。,1859,151,1834,0,0,0,2089,0,0,0,0,16,16,17,0,0,0,42000,0,42000,42000,42000,0,0,0,5,5
-1,0,0,0,魔瘾（塔莉萨）,首席奥术师塔莉萨,1860,152,1859,0,181,0,0,0,0,0,0,20,0,0,0,1,0,0,0,200,0,0,0,0,0,0,0
-1,0,0,0,魔瘾（希尔格林）废弃,废弃,1861,153,1859,0,182,0,0,0,0,0,0,20,0,0,0,0,0,0,0,42000,0,0,0,0,0,0,0
-1,0,0,0,魔瘾（欧库勒斯）,首席传送师欧库勒斯,1862,155,1859,0,183,0,0,0,0,0,0,20,0,0,0,1,0,0,0,200,0,0,0,0,0,0,0
-1,0,0,0,织梦者,德鲁伊和他们在瓦尔莎拉的盟友从不可考的年代起，就一直守护着翡翠梦境。,1883,157,1834,0,0,0,2088,0,0,0,0,16,0,0,0,0,0,0,0,42000,0,0,0,0,0,5,5
-1,0,0,0,贾德维克维库人,,1888,168,1834,0,0,0,0,4095,0,0,0,6,0,0,0,-42000,0,0,0,42000,0,0,0,0,0,0,0
-1,0,0,0,守望者,自从燃烧军团在古尔丹的帮助下攻破守望者地窟后，剩下的少数守望者就决心重建她们的监狱并追捕那些趁乱逃跑的恐怖野兽。,1894,169,1834,0,0,0,2090,0,0,0,0,16,0,0,0,0,0,0,0,42000,0,0,0,0,0,5,5
-1,0,0,0,月之守卫,占位符,1899,176,1834,0,0,0,0,0,0,0,0,16,0,0,0,0,0,0,0,42000,0,0,0,0,0,5,5
-1,0,0,0,法罗迪斯宫廷,由幽灵组成的法罗迪斯宫廷及它的盟友们正在阿苏纳被诅咒的岛屿上持续抗击入侵者。,1900,177,1834,0,0,0,2087,0,0,0,0,16,0,0,0,0,0,0,0,42000,0,0,0,0,0,5,5
0,0,0,0,梦境林地德鲁伊,,1905,-1,0,0,0,0,0,0,0,0,0,0,0,0,0,0,0,0,0,0,0,0,0,0,0,0,0
0,0,0,0,卓格巴尔,,1910,-1,0,0,0,0,0,0,0,0,0,0,0,0,0,0,0,0,0,0,0,0,0,0,0,0,0
0,0,0,0,克瓦迪尔幽魂,,1911,-1,0,0,0,0,0,0,0,0,0,0,0,0,0,0,0,0,0,0,0,0,0,0,0,0,0
0,0,0,0,克瓦迪尔,,1912,-1,0,0,0,0,0,0,0,0,0,0,0,0,0,0,0,0,0,0,0,0,0,0,0,0,0
0,0,0,0,夜之子,,1913,-1,0,0,0,0,0,0,0,0,0,0,0,0,0,0,0,0,0,0,0,0,0,0,0,0,0
0,0,0,0,枯法者,,1914,-1,0,0,0,0,0,0,0,0,0,0,0,0,0,0,0,0,0,0,0,0,0,0,0,0,0
-1,0,0,0,魔瘾（瓦尔托伊）,奥术师瓦尔托伊,1919,178,1859,0,185,0,0,0,0,0,0,20,0,0,0,1,0,0,0,200,0,0,0,0,0,0,0
0,0,0,0,月之守卫,,1920,-1,0,0,0,0,0,0,0,0,0,0,0,0,0,0,0,0,0,0,0,0,0,0,0,0,0
0,0,0,0,伊利达雷,发誓要不惜一切代价对抗燃烧军团的精灵。,1947,195,1834,0,0,0,0,2048,2047,0,0,20,20,0,0,3000,0,0,0,42000,42000,0,0,1,1,0,0
6130900294268439629,-6184943489809468494,0,0,瓦拉加尔,他们是被奥丁选中的战士，发誓在生前及死后都效忠于他。,1948,196,1834,0,0,0,2086,0,0,0,0,16,16,0,0,0,0,0,0,42000,42000,0,0,0,0,5,5
0,0,0,0,梦魇,,1953,-1,0,0,0,0,0,0,0,0,0,0,0,0,0,0,0,0,0,0,0,0,0,0,0,0,0
0,0,0,0,夜之子平民,,1962,-1,0,0,0,0,0,0,0,0,0,0,0,0,0,0,0,0,0,0,0,0,0,0,0,0,0
-1,0,0,0,咒法师马戈斯,马戈斯曾是一名肯瑞托学徒，他通过钓鱼来舒缓生活的压力。,1975,200,1834,0,193,0,0,0,0,0,0,16,0,0,0,0,0,0,0,42000,0,0,0,0,0,0,0
0,0,0,0,急救队,欧莉萨拉和安吉莉克住在浮空城达拉然。她们在这里救死扶伤，治病救人。她们还向需要医疗补给的旅行者出售物品。,1984,201,1834,0,195,0,0,0,0,0,0,0,0,0,0,0,0,0,0,0,0,0,0,1,1,0,0
-1,0,0,0,月之守卫,,1989,142,1834,0,0,0,0,0,0,0,0,4,0,0,0,42000,0,0,0,42000,0,0,0,0,0,0,0
-6184943489809468494,0,0,0,搏击竞技场（第3赛季）,在破碎群岛战役期间，部落搏击俱乐部展开了第三赛季的活动。,2010,206,892,0,340,0,0,0,0,0,0,16,0,0,0,0,0,0,0,7000,0,0,0,1,1,0,0
6130900294268439629,0,0,0,比兹莫搏击俱乐部（第3赛季）,在破碎群岛战役期间，联盟搏击俱乐部展开了第三赛季的活动。,2011,209,891,0,339,0,0,0,0,0,0,16,0,0,0,0,0,0,0,7000,0,0,0,1,1,0,0
0,0,0,0,夜之子起义军,,2012,-1,0,0,0,0,0,0,0,0,0,0,0,0,0,0,0,0,0,0,0,0,0,0,0,0,0
-1,0,0,0,复仇之爪,半神艾维娜的盟友，破碎群岛所有有翼生物的守护者。,2018,211,1834,0,0,2,0,0,0,0,0,16,0,0,0,0,0,0,0,42000,0,0,0,0,0,5,5
0,0,0,0,复仇之爪,半神艾维娜的盟友，破碎群岛所有有翼生物的守护者。,2040,-1,1834,0,0,0,0,0,0,0,0,0,0,0,0,0,0,0,0,0,0,0,0,1,1,5,5
-1,0,0,0,抗魔联军,各大势力的联军，致力于击败萨格拉斯之墓和破碎海滩的燃烧军团。,2045,212,1834,0,0,0,2091,0,0,0,0,16,0,0,0,3000,0,0,0,42000,0,0,0,0,0,5,5
0,0,0,0,Arne Test - Paragon Reputation Stormwind,这座人类势力的最后堡垒目前由流浪归来的国王瓦里安·乌瑞恩统治着。,2063,214,0,0,0,0,2062,0,0,0,0,276,6,20,4,3100,-42000,4000,0,42000,-42000,42000,0,1,0.25,4,7
-1,0,0,0,高岭部族（巅峰）,高岭部族的人口已经逐年减少，随着卓格巴尔的威胁加剧，他们需要寻找新的盟友来拯救他们的家园。,2085,235,1834,0,0,0,0,0,0,0,0,16,0,0,0,0,0,0,0,42000,0,0,0,0,0,5,5
6130900294268439629,-6184943489809468494,0,0,瓦拉加尔（巅峰）,他们是被奥丁选中的战士，发誓在生前及死后都效忠于他。,2086,236,1834,0,0,0,0,0,0,0,0,16,16,0,0,0,0,0,0,42000,42000,0,0,0,0,5,5
-1,0,0,0,法罗迪斯宫廷（巅峰）,由幽灵组成的法罗迪斯宫廷及它的盟友们正在阿苏纳被诅咒的岛屿上持续抗击入侵者。,2087,237,1834,0,0,0,0,0,0,0,0,16,0,0,0,0,0,0,0,42000,0,0,0,0,0,5,5
-1,0,0,0,织梦者（巅峰）,德鲁伊和他们在瓦尔莎拉的盟友从不可考的年代起，就一直守护着翡翠梦境。,2088,238,1834,0,0,0,0,0,0,0,0,16,0,0,0,0,0,0,0,42000,0,0,0,0,0,5,5
6130900294268439629,-6184943489809468494,0,0,堕夜精灵（巅峰）,这些被放逐的夜之子精灵由于被切断了和暗夜井的联系，饱受戒断魔瘾的痛苦。他们反对同胞与燃烧军团结盟，并为某种救赎而战。,2089,239,1834,0,0,0,0,0,0,0,0,16,16,0,0,0,0,0,0,42000,42000,0,0,0,0,5,5
-1,0,0,0,守望者（巅峰）,自从燃烧军团在古尔丹的帮助下攻破守望者地窟后，剩下的少数守望者就决心重建她们的监狱并追捕那些趁乱逃跑的恐怖野兽。,2090,240,1834,0,0,0,0,0,0,0,0,16,0,0,0,0,0,0,0,42000,0,0,0,0,0,5,5
-1,0,0,0,抗魔联军（巅峰）,各大势力的联军，致力于击败萨格拉斯之墓和破碎海滩的燃烧军团。,2091,249,1834,0,0,0,0,0,0,0,0,16,0,0,0,0,0,0,0,42000,0,0,0,0,0,5,5
-1,0,0,0,“活水”伊丽西娅,阿苏纳的皇家池塘古老的守护者。,2097,256,1834,0,199,0,0,0,0,0,0,16,0,0,0,0,0,0,0,42000,0,0,0,0,0,0,0
-1,0,0,0,守护者蕾娜,瓦尔莎拉的护渔人。,2098,257,1834,0,204,0,0,0,0,0,0,16,0,0,0,0,0,0,0,42000,0,0,0,0,0,0,0
-1,0,0,0,阿库勒·河角,河流和鱼类大师。,2099,258,1834,0,200,0,0,0,0,0,0,16,0,0,0,0,0,0,0,42000,0,0,0,0,0,0,0
-1,0,0,0,科尔宾,有着一双明亮睿智眼睛的渡鸦，喜欢鱼。,2100,259,1834,0,208,0,0,0,0,0,0,16,0,0,0,0,0,0,0,42000,0,0,0,0,0,0,0
-1,0,0,0,莎乐丝,住在瀑布旁的神秘枯法者。,2101,260,1834,0,206,0,0,0,0,0,0,16,0,0,0,0,0,0,0,42000,0,0,0,0,0,0,0
-1,0,0,0,英帕斯,被人从远方召唤的英帕斯正在收集贝壳，希望能制造出一座“魔法传送门”返回家乡。,2102,261,1834,0,202,0,0,0,0,0,0,16,0,0,0,0,0,0,0,42000,0,0,0,0,0,0,0
234894258,6130900294268439629,1073741824,0,赞达拉帝国,赞达拉巨魔统治着艾泽拉斯最古老的帝国，这些强大的巨魔会与令人敬畏的洛阿神灵做交易，换取他们的力量，赞达拉的海军在无尽之海上也是所向披靡。,2103,262,2104,0,0,0,2378,0,0,0,0,16,6,17,0,0,-42000,9000,0,42000,-42000,42000,0,0,0,0,0
0,0,0,0,争霸艾泽拉斯,,2104,263,0,7,0,0,0,0,0,0,0,8,0,0,0,0,0,0,0,0,0,0,0,0,0,0,0
0,0,0,0,纳兹曼尼,,2105,-1,0,0,0,0,0,0,0,0,0,0,0,0,0,0,0,0,0,0,0,0,0,0,0,0,0
6130900294268439629,-6184943489809468494,0,0,赞达拉恐龙,,2111,264,2104,0,0,0,0,0,0,0,0,6,2,0,0,-42000,-42000,0,0,-42000,42000,0,0,0,0,0,0
824200269,-6184943489809468494,2147483648,0,库尔提拉斯 - 提拉加德,岛国库尔提拉斯盛产艾泽拉斯最一流的水手。,2120,266,2160,0,0,0,0,0,0,0,0,20,6,20,0,0,-42000,9000,0,42000,-42000,42000,0,1,0,7,0
0,0,0,0,无尽之海水手,无尽之海上无拘无束的人，他们只对自己的船队效忠。,2121,-1,0,0,0,0,0,0,0,0,0,0,0,0,0,0,0,0,0,0,0,0,0,0,0,0,0
0,0,0,0,铁潮突袭队,残忍的海盗团伙，以提拉加德海峡的自由镇为据点。,2122,-1,0,0,0,0,0,0,0,0,0,0,0,0,0,0,0,0,0,0,0,0,0,0,0,0,0
-1,0,0,0,克罗米,克罗诺姆（简称克罗米）是一头活跃、亲切的青铜龙。拉近你与她之间关系将增强她在场景战役“克罗米之死”中的力量。,2135,265,1834,0,209,0,0,0,0,0,0,16,0,0,0,0,0,0,0,15100,0,0,0,0,0,0,0
0,0,0,0,鲜血巨魔,,2155,-1,0,0,0,0,0,0,0,0,0,0,0,0,0,0,0,0,0,0,0,0,0,0,0,0,0
-6184943489809468494,6130900294268439629,0,0,塔兰吉远征队,塔兰吉公主和他的盟友正努力保护赞达拉不受鲜血巨魔的侵扰。,2156,267,2104,0,0,0,2380,0,0,0,0,16,2,0,0,0,-42000,0,0,42000,-42000,0,0,0,0,0,0
-6184943489809468494,6130900294268439629,0,0,荣耀战团,部落大军中的特种部队，专注于破坏联盟在库尔提拉斯的行动。,2157,268,2104,0,0,0,2385,0,0,0,0,16,2,0,0,3000,-42000,0,0,42000,-42000,0,0,0,0,0,0
1308631986,6130900294268439629,4096,0,沃顿奈,沃顿奈是流亡者和拾荒者的组织，他们依靠对沙漠的了解逐步发展壮大，而其他人只能在这里枯萎凋亡。,2158,269,2104,0,0,0,2382,0,0,0,0,16,20,17,0,0,-3000,9000,0,42000,-3000,42000,0,0,0,0,0
6130900294268439629,-6184943489809468494,0,0,第七军团,联盟军队中的精英部队，目前专注于破坏部落在赞达拉的行动。,2159,270,2104,0,0,0,2384,0,0,0,0,16,2,0,0,3000,-42000,0,0,42000,-42000,0,0,0,0,0,0
824200269,-6184943489809468494,2147483648,0,普罗德摩尔海军部,普罗德摩尔家族是人中龙凤，执掌着艾泽拉斯最精良的海军，足以号令大海。数十年来，他们在权力中心伯拉勒斯领导着库尔提拉斯。,2160,271,2104,0,0,0,2379,0,0,0,0,16,2,17,0,0,-42000,9000,0,42000,-42000,42000,0,0,0,0,0
6130900294268439629,-6184943489809468494,0,0,灰烬骑士团,灰烬骑士团是个古老的库尔提拉斯组织，它的重生是为了对抗女巫的威胁。骑士团利用他们所获得的知识指引他们的利刃，以此英勇战斗。,2161,272,2104,0,0,0,2383,0,0,0,0,16,2,0,0,0,-42000,0,0,42000,-42000,0,0,0,0,0,0
6130900294268439629,-6184943489809468494,0,0,风暴之末,风暴之末是农民、匠人、士兵和神秘的海贤们的家，他们希望夺回斯托颂谷地，并且确立自己在库尔提拉斯的地位。,2162,273,2104,0,0,0,2381,0,0,0,0,16,2,0,0,0,-42000,0,0,42000,-42000,0,0,0,0,0,0
-1,0,0,0,始祖龟求知者,始祖龟求知者周游世界并利用他们的巨大财富来分类并保存禁忌的知识。,2163,274,2104,0,0,0,2387,0,0,0,0,16,0,0,0,0,0,0,0,42000,0,0,0,0,0,0,0
-1,0,0,0,艾泽拉斯的勇士,萨格拉斯的燃烧之刃对艾泽拉斯造成了巨大的创伤，由麦格尼·铜须招募而来的艾泽拉斯的勇士正在努力治愈这些伤口，以拯救这个濒死的世界。,2164,275,2104,0,0,0,2386,0,0,0,0,16,0,0,0,0,0,0,0,42000,0,0,0,0,0,0,0
3751837695,536870912,0,0,圣光军团,阿古斯陷落后，德莱尼精英战士追随始祖纳鲁泽拉跨越宇宙，打响了旨在消灭燃烧军团的永恒之战。从那时起，燃烧的远征的其他幸存者也加入了光铸者的行列。,2165,276,1834,0,0,0,2166,0,0,0,0,16,17,0,0,3000,6000,0,0,42000,42000,0,0,0,0,0,0
-1,0,0,0,圣光军团（巅峰）,,2166,277,1834,6,0,0,0,0,0,0,0,16,0,0,0,0,0,0,0,42000,0,0,0,0,0,5,5
-1,0,0,0,阿古斯防卫军（巅峰）,,2167,278,1893,0,0,0,0,0,0,0,0,16,0,0,0,0,0,0,0,42000,0,0,0,0,0,0,0
4020273151,268435456,0,0,阿古斯防卫军,虽然有许多人都在燃烧军团征服阿古斯时奋起抗争，但并不是所有人都成功逃离了。而今在新的友军的鼓舞下，这些难民和流亡者已经联合起来，为夺回家园而战。,2170,279,1834,6,0,0,2167,0,0,0,0,16,17,0,0,0,3000,0,0,42000,42000,0,0,0,0,0,0
0,0,0,0,"Neutral, Force Reaction 1",,2176,-1,0,0,0,0,0,0,0,0,0,0,0,0,0,0,0,0,0,0,0,0,0,0,0,0,0
0,0,0,0,"Neutral, Force Reaction 2",,2177,-1,0,0,0,0,0,0,0,0,0,0,0,0,0,0,0,0,0,0,0,0,0,0,0,0,0
0,0,0,0,"Neutral, Force Reaction 3",,2178,-1,0,0,0,0,0,0,0,0,0,0,0,0,0,0,0,0,0,0,0,0,0,0,0,0,0
0,0,0,0,"Neutral, Force Reaction 4",,2179,-1,0,0,0,0,0,0,0,0,0,0,0,0,0,0,0,0,0,0,0,0,0,0,0,0,0
0,0,0,0,水鼠帮,不同寻常的“混血”种族组成的队伍，以提拉加德海峡的自由镇为据点。,2185,-1,0,0,0,0,0,0,0,0,0,0,0,0,0,0,0,0,0,0,0,0,0,0,0,0,0
0,0,0,0,黑齿帮,一队擅长混战的打手，从不畏惧战斗。是提拉加德海峡的自由镇上的诸多海盗团体之一。,2186,-1,0,0,0,0,0,0,0,0,0,0,0,0,0,0,0,0,0,0,0,0,0,0,0,0,0
0,0,0,0,破浪海盗,一队狡猾的雇佣兵和强盗，只为出价最高的人卖命。没有接活儿时，他们会停靠在提拉加德海峡的自由镇的港口。,2187,-1,0,0,0,0,0,0,0,0,0,0,0,0,0,0,0,0,0,0,0,0,0,0,0,0,0
0,0,0,0,艾什凡贸易公司,运输和制造业公司，总部在伯拉勒斯，库尔提拉斯的首都。这里有传言说，这个宏伟的公司其实是一个可怕的犯罪帝国的门面。,2192,-1,0,0,0,0,0,0,0,0,0,0,0,0,0,0,0,0,0,0,0,0,0,0,0,0,0
0,0,0,0,8.0 Hidden Object - Red,,2218,-1,0,0,0,0,0,0,0,0,0,0,0,0,0,0,0,0,0,0,0,0,0,1,1,5,5
0,0,0,0,8.0 Hidden Object - Withered - Red,,2219,-1,0,0,0,0,0,0,0,0,0,0,0,0,0,0,0,0,0,0,0,0,0,1,1,5,5
0,0,0,0,8.0 Hidden Object - Withered - Blue,,2220,-1,0,0,0,0,0,0,0,0,0,0,0,0,0,0,0,0,0,0,0,0,0,1,1,5,5
0,0,0,0,8.0 Hidden Object - Withered - Green,,2221,-1,0,0,0,0,0,0,0,0,0,0,0,0,0,0,0,0,0,0,0,0,0,1,1,5,5
0,0,0,0,8.0 Hidden Object - Withered - Yellow,,2222,-1,0,0,0,0,0,0,0,0,0,0,0,0,0,0,0,0,0,0,0,0,0,1,1,5,5
0,0,0,0,野兽 - 蜜蜂,,2227,-1,0,0,0,0,0,0,0,0,0,0,0,0,0,0,0,0,0,0,0,0,0,1,1,5,5
0,0,0,0,野兽 - 雪怪,,2228,-1,0,0,0,0,0,0,0,0,0,0,0,0,0,0,0,0,0,0,0,0,0,1,1,5,5
0,0,0,0,"PLAYER, Void Elf",,2229,-1,0,0,0,0,0,0,0,0,0,0,0,0,0,0,0,0,0,0,0,0,0,1,1,5,5
0,0,0,0,"PLAYER, Highmountain Tauren",,2230,-1,0,0,0,0,0,0,0,0,0,0,0,0,0,0,0,0,0,0,0,0,0,1,1,5,5
0,0,0,0,"PLAYER, Nightborne",,2231,-1,0,0,0,0,0,0,0,0,0,0,0,0,0,0,0,0,0,0,0,0,0,1,1,5,5
0,0,0,0,"PLAYER, Lightforged Draenei",,2232,-1,0,0,0,0,0,0,0,0,0,0,0,0,0,0,0,0,0,0,0,0,0,1,1,5,5
-1,0,0,0,恐龙训练 - 翼手龙,,2233,282,2104,0,213,0,0,-1,0,0,0,4,0,0,0,0,0,0,0,42000,0,0,0,0,0,0,0
0,0,0,0,雪怪,,2258,-1,0,0,0,0,0,0,0,0,0,0,0,0,0,0,0,0,0,0,0,0,0,0,0,0,0
0,0,0,0,蜜蜂,,2259,-1,0,0,0,0,0,0,0,0,0,0,0,0,0,0,0,0,0,0,0,0,0,0,0,0,0
6130900294268439629,-6184943489809468494,0,0,库尔提拉斯 - 德鲁斯瓦,岛国库尔提拉斯盛产艾泽拉斯最一流的水手。,2264,285,2161,0,0,0,0,0,0,0,0,20,6,0,0,0,-42000,0,0,42000,-42000,0,0,1,0,7,0
6130900294268439629,-6184943489809468494,0,0,库尔提拉斯 - 斯托颂,岛国库尔提拉斯盛产艾泽拉斯最一流的水手。,2265,286,2162,0,0,0,0,0,0,0,0,20,6,0,0,0,-42000,0,0,42000,-42000,0,0,1,0,7,0
-1,0,0,0,恐龙训练 - 恐角龙,,2370,288,2104,0,315,0,0,-1,0,0,0,4,0,0,0,0,0,0,0,42000,0,0,0,0,0,0,0
6130900294268439629,0,0,0,比兹莫搏击俱乐部,一群格斗狂人从各地收罗来了各种生物，将它们放置在血腥的竞技场中与联盟的英雄们进行生死搏斗。,2371,289,891,0,43,0,0,0,0,0,0,16,0,0,0,0,0,0,0,7000,0,0,0,1,1,0,0
-6184943489809468494,0,0,0,搏击竞技场,一群格斗狂人从各地收罗来了各种生物，将它们放置在血腥的竞技场中与部落的英雄们进行生死搏斗。,2372,290,892,0,28,0,0,0,0,0,0,16,0,0,0,0,0,0,0,7000,0,0,0,1,1,0,0
-6184943489809468494,6130900294268439629,0,0,破镣者,这些难民一直受到纳迦的压迫，于是他们联合起来，想要反抗，并重获自由。,2373,291,2104,0,0,0,2374,-1,0,0,0,16,20,0,0,0,0,0,0,42000,0,0,0,0,0,0,0
-6184943489809468494,6130900294268439629,0,0,破镣者（典范）,这些难民一直受到纳迦的压迫，于是他们联合起来，想要反抗，并重获自由。,2374,292,2104,0,0,0,0,-1,0,0,0,16,20,0,0,0,0,0,0,42000,0,0,0,0,0,0,0
6130900294268439629,0,0,0,猎人阿卡纳,猎人阿卡纳是位久经沙场的老猎人，拥有了不起的生存技巧。,2375,293,2104,0,316,0,0,-1,0,0,0,4,0,0,0,0,0,0,0,42000,0,0,0,0,0,0,0
6130900294268439629,0,0,0,先知奥利,先知奥利是位睿智而强大的萨满，拥有号令元素的力量。,2376,294,2104,0,317,0,0,-1,0,0,0,4,0,0,0,0,0,0,0,42000,0,0,0,0,0,0,0
6130900294268439629,0,0,0,剑客伊诺瓦里,剑客伊诺瓦里是位老练的战士，他赢得了剑鱼人的尊敬。,2377,295,2104,0,318,0,0,-1,0,0,0,4,0,0,0,0,0,0,0,42000,0,0,0,0,0,0,0
-6184943489809468494,6130900294268439629,0,0,赞达拉帝国（典范）,赞达拉巨魔统治着艾泽拉斯最古老的帝国，这些强大的巨魔会与令人敬畏的洛阿神灵做交易，换取他们的力量，赞达拉的海军在无尽之海上也是所向披靡。,2378,296,2104,0,0,0,0,0,0,0,0,16,6,0,0,0,-42000,0,0,42000,-42000,0,0,0,0,0,0
6130900294268439629,-6184943489809468494,0,0,普罗德摩尔海军部（典范）,普罗德摩尔家族是人中龙凤，执掌着艾泽拉斯最精良的海军，足以号令大海。数十年来，他们在权力中心伯拉勒斯领导着库尔提拉斯。,2379,297,2104,0,0,0,0,0,0,0,0,16,2,0,0,0,-42000,0,0,42000,-42000,0,0,0,0,0,0
-6184943489809468494,6130900294268439629,0,0,塔兰吉远征队（典范）,塔兰吉公主和他的盟友正努力保护赞达拉不受鲜血巨魔的侵扰。,2380,298,2104,0,0,0,0,0,0,0,0,16,2,0,0,0,-42000,0,0,42000,-42000,0,0,0,0,0,0
6130900294268439629,-6184943489809468494,0,0,风暴之末（典范）,风暴之末是农民、匠人、士兵和神秘的海贤们的家，他们希望夺回斯托颂谷地，并且确立自己在库尔提拉斯的地位。,2381,299,2104,0,0,0,0,0,0,0,0,16,2,0,0,0,-42000,0,0,42000,-42000,0,0,0,0,0,0
-6184943489809468494,6130900294268439629,0,0,沃顿奈（典范）,沃顿奈是流亡者和拾荒者的组织，他们依靠对沙漠的了解逐步发展壮大，而其他人只能在这里枯萎凋亡。,2382,300,2104,0,0,0,0,0,0,0,0,16,20,0,0,0,-3000,0,0,42000,-3000,0,0,0,0,0,0
6130900294268439629,-6184943489809468494,0,0,灰烬骑士团（典范）,灰烬骑士团是个古老的库尔提拉斯组织，它的重生是为了对抗女巫的威胁。骑士团利用他们所获得的知识指引他们的利刃，以此英勇战斗。,2383,301,2104,0,0,0,0,0,0,0,0,16,2,0,0,0,-42000,0,0,42000,-42000,0,0,0,0,0,0
6130900294268439629,-6184943489809468494,0,0,第七军团（典范）,联盟军队中的精英部队，目前专注于破坏部落在赞达拉的行动。,2384,302,2104,0,0,0,0,0,0,0,0,16,2,0,0,0,-42000,0,0,42000,-42000,0,0,0,0,0,0
-6184943489809468494,6130900294268439629,0,0,荣耀战团（典范）,部落大军中的特种部队，专注于破坏联盟在库尔提拉斯的行动。,2385,303,2104,0,0,0,0,0,0,0,0,16,2,0,0,0,-42000,0,0,42000,-42000,0,0,0,0,0,0
-1,0,0,0,艾泽拉斯的勇士（典范）,萨格拉斯的燃烧之刃对艾泽拉斯造成了巨大的创伤，由麦格尼·铜须招募而来的艾泽拉斯的勇士正在努力治愈这些伤口，以拯救这个濒死的世界。,2386,304,2104,0,0,0,0,0,0,0,0,16,0,0,0,0,0,0,0,42000,0,0,0,0,0,0,0
-1,0,0,0,始祖龟求知者（典范）,始祖龟求知者周游世界并利用他们的巨大财富来分类并保存禁忌的知识。,2387,305,2104,0,0,0,0,0,0,0,0,16,0,0,0,0,0,0,0,42000,0,0,0,0,0,0,0
-6184943489809468494,0,0,0,鲍恩·分腮,部落阵营1,2388,306,2104,0,323,0,0,-1,0,0,0,4,0,0,0,0,0,0,0,42000,0,0,0,0,0,0,0
-6184943489809468494,0,0,0,奈莉·锐鳍,部落阵营2,2389,307,2104,0,320,0,0,-1,0,0,0,4,0,0,0,0,0,0,0,42000,0,0,0,0,0,0,0
-6184943489809468494,0,0,0,维姆·盐心,部落阵营3,2390,308,2104,0,324,0,0,-1,0,0,0,4,0,0,0,0,0,0,0,42000,0,0,0,0,0,0,0
4288692223,16384,0,0,锈栓抵抗军,锈栓抵抗军战斗在第一线，想要反抗麦卡贡国王，阻止他的邪恶计划。,2391,309,2104,0,0,0,2392,0,0,0,0,16,17,0,0,0,9000,0,0,42000,42000,0,0,0,0,0,0
-1,0,0,0,锈栓抵抗军（典范）,锈栓抵抗军战斗在第一线，想要反抗麦卡贡国王，阻止他的邪恶计划。,2392,310,2104,0,0,0,0,0,0,0,0,16,0,0,0,0,0,0,0,42000,0,0,0,0,0,0,0
0,0,0,0,寄居蟹,,2394,-1,0,0,0,0,0,0,0,0,0,0,0,0,0,0,0,0,0,0,0,0,0,0,0,0,0
6130900294268439629,-6184943489809468494,0,0,蜜背蜂群,一种特别的蜜蜂，以其超大的体形而闻名。虽然它们最近才来到斯托颂谷地，但它们的存在已经迅速在冒险者和昆虫爱好者当中流传开来。,2395,312,2104,0,0,0,0,-1,-1,0,0,16,20,0,0,0,0,0,0,42000,42000,0,0,1,1,0,0
-1,0,0,0,蜜背工蜂,,2396,313,0,0,326,0,0,-1,0,0,0,20,0,0,0,0,0,0,0,42000,0,0,0,1,1,0,0
-1,0,0,0,蜜背巢母,,2397,314,0,0,327,0,0,-1,0,0,0,20,0,0,0,0,0,0,0,42000,0,0,0,1,1,0,0
-1,0,0,0,蜜背收割者,,2398,315,0,0,325,0,0,-1,0,0,0,20,0,0,0,0,0,0,0,42000,0,0,0,1,1,0,0
6130900294268439629,-6184943489809468494,0,0,波涛之刃剑鱼人,波涛之刃剑鱼人是一支古老的深海战斗种族，徜徉于海洋中最深邃最危险的地带。,2400,317,2104,0,0,0,2401,-1,0,0,0,16,20,0,0,0,0,0,0,42000,0,0,0,0,0,0,0
6130900294268439629,-6184943489809468494,0,0,波涛之刃剑鱼人（典范）,波涛之刃剑鱼人是一支古老的深海战斗种族，徜徉于海洋中最深邃最危险的地带。,2401,318,2104,0,0,0,0,-1,0,0,0,16,20,0,0,0,0,0,0,42000,0,0,0,0,0,0,0
-1,0,0,0,莱加尼,这群魔古对泰坦守护者莱十分忠诚，他们的使命是击退来犯的恩佐斯的爪牙，守护纳拉克煞引擎。,2415,323,2104,0,0,0,2416,0,0,0,0,16,0,0,0,0,0,0,0,42000,0,0,0,0,0,0,0
-1,0,0,0,莱加尼（典范）,这群魔古对泰坦守护者莱十分忠诚，他们的使命是击退来犯的恩佐斯的爪牙，守护纳拉克煞引擎。,2416,324,2104,0,0,0,0,0,0,0,0,16,0,0,0,0,0,0,0,42000,0,0,0,0,0,0,0
-1,0,0,0,奥丹姆联军,奥丹姆联军是由托维尔人牵头建立的松散同盟，建立的目的是为了击退敌军，保护起源熔炉。,2417,325,2104,0,0,0,2418,0,0,0,0,16,0,0,0,0,0,0,0,42000,0,0,0,0,0,0,0
-1,0,0,0,奥丹姆联军（典范）,奥丹姆联军是由托维尔人牵头建立的松散同盟，建立的目的是为了击退敌军，保护起源熔炉。,2418,326,2104,0,0,0,0,0,0,0,0,16,0,0,0,0,0,0,0,42000,0,0,0,0,0,0,0
0,0,0,0,恩佐斯,,2419,-1,0,0,0,0,0,0,0,0,0,0,0,0,0,0,0,0,0,0,0,0,0,0,0,0,0
-1,0,0,0,亚基宝宝,,2427,329,2104,0,365,0,0,-1,0,0,0,4,0,0,0,0,0,0,0,42000,0,0,0,0,0,0,0
2969585664,1308635136,0,0,Owen Test,,2431,330,0,0,0,0,0,0,0,0,0,0,0,0,0,0,0,0,0,0,0,0,0,0,0,0,0
